obs;year;var01;var02;var03;var04;var05;var06;var07;var08;var09;var10;var11;var12;var13;var14;var15;var16;var17;var18;var19;var20;var21;var22;var23;var24;var25;var26;var27;var28;var29;var30;var31;var32;var33;var34;var35;var36;var37;var38;var39;var40;var41;var42;var43;var44;var45;var46;var47;var48;var49;var50;var51
1;2020;5;5;5;3;5;2;4;5;2;5;5;5;5;5;5;2;5;5;3;5;1;5;5;5;3;5;3;1;3;1;1;2;1;1;1;1;1;3;2;1;1;1;2;4;1;3;2;5;4;2;4
2;2020;4;5;5;3;1;1;1;5;1;5;2;1;5;4;1;1;1;3;1;1;5;2;4;1;3;1;3;1;1;1;4;4;1;4;1;4;6;2;1;1;5;1;5;4;1;7;2;5;4;2;4
3;2020;4;5;4;2;4;4;2;4;2;1;4;4;4;4;2;2;4;3;3;4;4;4;4;4;3;2;2;2;2;2;5;1;1;1;1;4;6;2;1;1;4;1;5;5;1;5;2;3;3;1;2
4;2020;2;5;4;4;4;3;4;4;3;4;4;4;4;4;3;2;2;4;3;2;3;2;4;3;4;2;3;3;3;2;2;1;3;2;2;4;4;7;6;3;7;6;4;5;3;4;2;2;3;2;2
5;2020;5;5;5;4;4;3;5;5;3;4;5;5;5;5;4;3;5;5;4;5;5;2;5;4;4;4;3;2;3;2;2;1;1;1;6;6;6;6;1;1;6;2;6;6;3;4;2;5;2;2;1
6;2020;2;5;4;2;4;1;2;4;1;4;3;3;3;4;1;1;1;4;2;3;2;4;5;1;2;1;7;6;6;3;5;1;1;1;1;4;2;3;1;1;2;1;4;2;1;3;2;2;2;2;2
7;2020;4;5;4;3;2;2;4;5;4;4;5;5;4;4;1;4;4;5;4;4;4;5;5;3;4;3;2;1;1;2;2;4;1;3;6;4;6;3;2;1;6;2;3;3;3;2;2;3;2;1;2
8;2020;4;5;5;3;5;2;5;5;3;5;5;5;5;5;5;4;2;5;3;5;4;5;5;4;5;5;3;1;1;1;1;3;1;1;4;6;6;7;2;1;7;4;4;6;2;6;2;4;3;2;1
9;2020;5;5;2;1;2;5;2;5;2;5;5;5;5;5;2;1;5;5;1;2;3;2;5;5;5;2;3;1;1;1;1;4;1;1;3;4;4;1;1;1;5;1;5;5;1;1;2;2;3;2;2
10;2020;1;5;5;4;5;4;4;5;3;5;4;5;4;4;3;3;4;5;4;4;4;4;4;5;3;4;2;2;3;2;3;4;2;1;5;5;6;5;5;2;5;5;5;5;5;6;2;5;3;1;2
11;2020;4;4;4;4;4;2;3;4;3;5;2;3;4;4;4;2;5;5;5;5;5;4;5;4;3;3;5;5;5;3;3;1;1;1;1;4;3;7;7;3;5;2;6;4;2;4;1;1;3;2;2
12;2020;4;4;4;4;3;2;3;4;2;4;3;2;3;4;4;2;2;4;3;4;3;3;4;3;3;2;4;2;2;2;2;;;2;1;2;2;4;4;4;3;4;4;4;4;;1;1;3;2;1
13;2020;4;5;5;4;4;2;4;5;3;5;4;4;3;5;2;1;2;5;3;4;1;4;5;4;4;4;3;3;2;3;2;2;1;1;1;2;2;3;4;1;3;1;4;5;1;4;1;2;2;2;4
14;2020;5;4;4;3;3;4;5;5;3;5;4;4;5;5;3;3;4;4;4;4;4;4;4;3;4;4;2;1;1;1;2;2;1;3;4;5;2;5;2;2;4;2;5;5;2;3;2;2;2;2;2
15;2020;4;4;4;3;5;2;5;5;3;5;3;4;3;4;3;2;5;5;3;4;4;4;5;4;3;4;2;1;2;1;2;2;1;1;1;2;2;4;4;1;6;5;5;5;1;4;2;3;3;1;2
16;2020;4;4;4;4;4;4;2;3;2;3;4;4;4;4;2;2;4;4;4;4;4;4;4;3;4;2;6;5;5;5;3;3;3;1;1;5;3;5;2;1;4;1;4;4;1;1;2;1;3;2;2
17;2020;4;5;4;4;3;2;4;5;3;5;4;4;4;4;3;2;4;4;4;4;4;3;5;4;5;3;3;2;3;3;3;1;1;2;4;2;4;5;5;1;5;6;6;6;6;3;1;1;2;1;2
18;2020;5;5;3;4;4;2;3;4;3;4;4;3;4;4;4;3;3;4;3;3;3;4;4;4;4;4;2;2;2;2;2;3;1;2;1;1;1;3;3;3;3;1;1;1;1;1;2;2;4;2;4
19;2020;4;5;5;4;4;3;4;3;4;5;3;3;4;4;2;3;2;4;3;4;2;4;4;4;3;2;2;1;1;1;1;4;1;5;1;5;1;4;1;4;5;1;1;1;1;4;2;4;3;2;5
20;2020;2;5;5;5;5;3;5;5;3;5;5;3;5;5;3;2;2;5;5;5;3;5;5;3;5;5;1;1;1;1;1;3;1;1;1;4;4;4;1;1;1;1;1;1;1;1;1;3;2;2;1
21;2020;4;4;4;5;3;3;3;4;3;5;4;3;4;4;3;4;5;4;3;4;4;3;5;3;4;3;2;2;3;2;2;1;1;1;1;1;2;6;1;1;3;1;4;4;1;1;1;6;1;2;1
22;2020;5;5;2;5;3;3;4;4;2;4;4;4;4;5;2;3;2;4;2;3;2;4;5;4;4;2;2;2;2;1;1;;;;;;;4;;;;;;;;;2;1;1;2;4
23;2020;4;4;4;4;4;3;4;4;3;4;4;4;4;4;4;4;4;4;3;4;4;4;4;3;4;4;4;4;4;2;2;2;1;3;2;3;4;6;4;5;4;4;5;5;4;5;2;2;2;2;1
24;2020;4;4;3;2;5;5;4;4;4;4;4;4;3;4;2;2;3;4;4;3;2;3;4;2;1;1;3;1;2;2;2;1;2;1;3;3;2;6;;;;;;;;;1;1;2;2;1
25;2020;3;5;3;3;4;3;4;3;4;4;4;3;4;4;2;1;2;4;4;2;3;1;4;4;2;3;5;3;4;4;4;2;1;3;1;3;1;5;1;1;2;1;2;2;1;1;1;2;1;2;3
26;2020;5;5;5;5;5;4;5;5;3;5;5;5;5;5;5;3;4;5;3;5;3;5;5;5;5;5;2;1;1;1;1;4;4;4;4;4;4;4;4;4;4;4;4;5;4;4;1;1;2;2;2
27;2020;4;4;4;4;4;4;4;4;2;4;4;4;4;4;4;3;3;4;3;4;4;4;4;4;3;4;3;2;2;2;2;4;2;4;1;4;4;5;5;3;4;2;3;3;1;1;1;1;3;1;2
28;2020;4;4;4;3;4;3;3;4;3;4;4;4;4;4;3;3;1;4;3;4;3;4;4;4;4;3;1;2;2;2;2;1;1;1;1;1;1;4;4;4;4;3;4;7;1;1;2;4;1;2;1
29;2020;5;1;5;5;5;4;5;5;1;5;4;5;5;5;5;2;4;5;2;5;4;5;5;5;4;5;7;2;2;2;2;3;;;;;;3;1;1;1;1;1;;;;2;1;1;2;6
30;2020;4;5;4;5;5;4;4;5;3;5;5;4;5;5;3;2;3;5;4;3;3;4;5;5;4;2;3;1;1;1;1;1;1;3;1;3;1;3;3;3;3;3;3;3;3;3;2;3;3;2;2
31;2020;4;4;4;4;4;2;4;4;2;4;4;4;4;4;3;2;2;4;3;4;2;4;4;4;3;3;5;2;2;2;2;1;1;1;4;1;1;4;4;4;4;3;4;7;2;1;2;3;2;2;3
32;2020;4;5;5;3;2;4;5;5;3;5;2;5;4;5;2;1;5;5;4;5;3;4;5;4;3;2;5;2;2;2;2;1;1;1;1;1;1;3;3;1;1;4;4;4;4;5;1;4;4;2;3
33;2020;4;5;5;5;5;2;5;5;2;5;3;5;3;5;5;4;3;5;5;2;4;5;5;5;3;5;1;1;1;1;3;3;3;3;1;1;1;3;3;4;4;4;5;6;3;7;1;1;3;2;2
34;2020;4;4;3;4;2;4;2;4;4;4;4;2;4;4;4;2;2;4;4;4;4;2;4;4;3;2;6;2;2;2;2;1;1;1;;;;;;;;;;;;;2;2;2;2;3
35;2020;4;4;4;4;3;3;5;5;4;5;4;3;4;5;3;4;3;5;4;5;3;5;5;3;3;3;2;1;1;1;1;4;1;4;1;4;4;7;3;3;7;2;4;4;2;2;1;1;4;2;3
36;2020;5;5;4;5;5;2;5;5;5;5;3;5;5;5;5;3;5;5;5;5;5;5;5;5;5;5;2;1;1;1;1;4;1;4;4;4;4;5;4;5;5;4;4;4;2;4;2;4;4;2;3
37;2020;3;4;4;4;4;2;4;3;4;3;2;4;4;4;3;3;2;4;3;3;3;4;4;3;4;3;3;2;2;3;3;3;1;1;1;1;2;5;4;2;4;2;4;4;1;4;1;1;3;2;3
38;2020;5;5;5;5;5;5;5;5;3;5;5;5;5;5;5;3;3;5;5;5;3;5;5;3;5;5;4;4;4;4;4;1;1;4;1;1;1;4;1;1;5;1;1;1;1;1;2;2;4;2;2
39;2020;1;5;3;5;3;3;3;1;3;3;3;2;3;3;3;3;3;3;3;3;3;3;3;3;3;3;4;4;4;4;4;1;1;1;1;1;1;7;7;7;1;4;1;7;1;7;2;3;4;2;4
40;2020;5;5;5;5;5;2;5;3;3;5;5;5;5;5;4;4;2;5;4;4;4;4;5;4;4;4;2;3;5;2;2;1;1;4;1;3;1;4;1;1;6;1;1;1;1;1;2;3;3;1;3
41;2020;4;4;4;3;4;2;2;2;3;4;4;2;4;4;2;2;2;4;2;4;3;2;4;2;4;2;3;3;3;3;3;1;1;4;1;1;1;5;2;2;5;3;4;2;2;2;2;2;3;2;6
42;2020;5;5;5;4;5;4;5;5;3;5;5;4;5;5;5;2;3;5;3;5;3;5;5;5;4;5;1;1;2;1;1;1;1;3;1;1;3;1;1;4;5;3;1;1;1;4;2;6;2;1;5
43;2020;5;5;5;5;5;4;4;5;2;5;5;5;5;5;4;4;4;5;5;5;5;5;5;4;4;3;2;2;2;2;1;5;1;5;3;5;4;7;5;6;6;4;6;6;4;4;2;4;3;2;5
44;2020;5;5;5;5;4;5;5;5;4;5;4;4;4;5;3;2;3;5;3;4;3;4;4;3;3;4;7;7;7;7;7;;1;2;1;1;1;7;7;7;6;6;6;6;6;6;1;1;2;2;3
45;2020;4;5;4;3;4;2;3;3;1;4;2;3;1;4;3;4;3;4;5;4;5;3;5;3;3;4;7;7;1;2;1;2;2;2;1;2;5;7;4;2;5;3;5;3;1;2;1;2;3;1;3
46;2020;2;3;4;3;4;5;1;5;2;4;2;2;3;4;1;4;3;3;3;4;4;4;4;3;4;3;2;1;1;2;2;3;1;3;1;1;5;6;4;2;6;2;4;2;2;4;1;3;3;2;5
47;2020;2;3;3;5;3;1;2;4;1;4;5;2;4;4;4;4;3;2;2;3;3;2;4;5;1;1;2;3;2;3;2;4;1;5;2;3;7;7;4;3;6;2;4;2;2;2;2;3;2;1;5
48;2020;4;4;2;3;3;4;4;4;3;5;3;4;2;5;2;4;2;5;4;4;4;5;5;5;4;5;1;2;2;1;2;5;3;2;4;4;6;7;4;2;6;2;3;1;1;1;1;2;2;1;1
49;2020;5;4;4;3;5;5;5;5;3;4;1;4;1;4;4;4;2;3;3;2;1;2;4;5;3;3;4;3;3;3;1;3;1;2;1;4;6;7;4;2;6;1;5;3;3;1;2;4;3;1;3
50;2020;5;5;2;4;5;4;1;5;3;4;3;3;4;4;3;5;4;3;1;3;5;5;5;3;4;3;3;1;2;3;3;5;4;5;3;5;7;7;5;1;5;2;4;1;1;1;2;2;3;1;3
51;2020;4;5;5;4;2;2;4;4;4;4;4;5;5;4;4;2;2;4;4;4;2;4;4;4;4;4;3;3;2;3;3;4;1;3;3;4;5;5;5;3;5;3;3;3;3;3;1;1;2;2;3
52;2020;3;3;1;3;4;2;4;5;2;5;2;4;3;4;3;4;3;4;4;4;5;5;5;3;3;2;1;2;3;1;2;4;2;2;1;4;6;7;2;2;6;2;3;2;1;1;1;1;2;2;5
53;2020;4;4;2;2;2;4;4;4;3;4;4;4;5;4;5;2;4;4;4;2;2;4;4;4;4;2;6;2;4;2;5;7;1;4;1;1;7;1;1;1;4;1;4;4;1;1;2;3;2;1;3
54;2020;1;2;3;3;2;5;1;3;4;3;1;3;1;4;1;1;3;1;3;1;2;1;4;2;2;1;5;3;3;3;3;3;1;3;2;2;6;6;2;2;5;2;3;3;1;1;1;2;2;1;4
55;2020;4;4;3;4;5;3;4;5;3;4;4;3;3;4;3;2;3;5;4;5;1;1;3;3;5;5;3;3;3;5;3;3;1;4;2;3;7;6;4;3;7;2;3;3;1;2;2;3;3;2;2
56;2020;5;3;1;1;5;3;3;5;3;5;4;2;4;4;1;3;2;3;4;5;3;2;4;2;3;2;2;1;3;3;3;4;3;6;2;1;6;6;5;1;5;2;2;3;1;1;1;1;2;2;1
57;2020;4;3;2;4;4;3;5;4;2;5;1;4;3;4;4;2;2;3;5;4;3;5;5;4;3;4;1;3;4;3;1;3;5;5;3;2;5;7;3;2;6;2;2;3;1;2;1;4;3;1;5
58;2020;4;4;2;5;5;3;2;5;2;4;2;5;3;4;3;4;3;4;4;5;3;5;4;4;4;5;1;4;3;5;5;5;3;5;4;4;6;6;4;2;5;1;2;2;1;1;2;4;4;2;3
59;2020;5;3;1;2;3;2;2;5;4;5;1;4;3;4;5;4;4;4;5;3;4;4;3;3;2;3;6;3;4;3;2;1;2;3;1;3;5;7;4;2;4;2;3;2;1;2;1;2;3;2;4
60;2020;4;4;4;3;4;4;4;5;3;5;2;2;4;4;4;4;5;3;2;4;4;4;4;3;3;4;3;4;3;2;4;2;2;1;2;3;4;7;3;1;5;1;2;2;1;1;2;4;4;1;5
61;2020;4;4;4;4;4;4;4;5;2;4;4;4;4;4;4;2;2;4;2;4;2;4;4;2;4;4;2;2;2;2;2;4;4;4;4;4;4;4;4;4;4;4;4;4;4;4;2;6;1;1;1
62;2020;4;4;4;4;4;3;4;4;4;4;4;4;4;4;4;4;2;4;2;4;2;4;4;2;4;4;2;2;2;2;2;4;4;4;4;4;4;4;4;4;4;4;4;4;4;4;2;6;1;1;1
63;2020;4;4;4;4;4;4;4;4;4;4;4;4;4;4;4;4;2;4;2;4;2;4;4;4;4;4;2;2;2;2;2;4;4;7;5;4;4;4;4;4;4;4;4;4;4;4;2;6;1;1;1
64;2020;4;4;4;4;4;4;4;4;4;4;4;4;4;4;4;4;2;4;2;4;2;4;4;3;4;4;2;2;2;2;2;4;4;4;4;4;4;4;4;4;4;4;4;4;4;4;2;6;1;1;1
65;2020;4;4;4;4;4;4;4;4;4;4;4;4;4;4;4;4;2;4;2;4;2;4;4;4;4;4;2;2;2;2;2;4;4;4;4;4;4;4;4;4;4;4;4;4;4;4;2;6;1;1;1
66;2020;4;4;4;4;4;4;4;4;4;4;4;4;4;4;4;4;2;4;3;4;3;4;4;4;4;4;2;2;2;2;2;4;4;4;4;4;4;4;4;4;4;4;4;4;4;4;2;6;1;1;1
67;2020;4;4;4;4;4;4;4;4;4;4;4;4;4;3;4;4;3;4;3;4;3;4;4;4;4;4;2;2;2;2;2;4;4;4;4;4;4;4;4;4;4;4;4;4;4;4;2;6;1;1;1
68;2020;4;4;4;4;4;4;4;4;4;4;4;4;4;4;4;4;3;4;3;4;3;4;4;4;4;4;2;2;2;2;2;4;4;4;3;3;3;4;3;4;2;3;4;4;4;4;2;6;1;1;1
69;2020;4;4;4;4;4;4;4;4;4;4;4;4;4;4;4;4;3;4;3;4;3;4;4;4;4;4;2;2;2;2;2;4;4;4;4;4;4;4;4;4;4;4;4;4;4;4;2;6;1;1;1
70;2020;4;4;4;4;4;4;4;4;4;4;4;4;4;4;4;4;3;4;3;4;3;4;4;4;4;4;2;2;2;2;2;4;4;4;4;4;4;4;4;4;4;4;4;4;4;4;2;6;1;1;1
71;2020;5;2;2;3;3;3;4;2;5;2;3;5;1;5;4;3;1;4;3;4;1;5;3;2;3;3;4;3;2;1;6;6;6;1;5;5;6;6;7;5;4;2;2;;1;;1;1;2;2;3
72;2020;2;4;4;2;1;1;2;3;3;4;5;5;5;2;4;3;4;4;4;3;1;4;4;5;1;4;2;3;1;6;3;1;4;4;6;2;3;7;6;5;5;6;1;2;2;3;1;3;3;1;5
73;2020;4;4;4;3;4;2;4;4;3;3;4;4;4;4;5;3;2;1;2;1;4;4;3;2;4;4;2;2;2;2;2;5;4;3;2;7;5;6;6;6;2;7;3;1;1;2;1;5;4;2;3
74;2020;4;4;4;4;4;4;4;4;4;4;4;4;4;4;4;4;3;4;3;4;3;4;4;4;4;4;2;6;2;2;2;5;5;4;3;3;3;2;1;5;2;1;5;4;3;5;2;6;4;1;4
75;2020;4;4;4;4;4;4;4;4;4;4;4;4;4;4;4;4;3;4;2;4;3;4;4;3;4;3;3;2;5;3;4;4;6;3;3;3;5;2;4;6;3;2;2;1;3;4;1;2;2;1;2
76;2020;1;4;4;3;3;4;2;5;3;5;4;3;4;4;4;3;3;4;4;4;4;4;4;4;3;3;3;1;4;3;1;2;1;3;2;3;6;7;4;2;6;2;2;3;1;1;2;3;3;2;5
77;2020;2;3;4;5;5;2;1;5;2;5;1;3;3;4;4;3;4;5;3;5;4;3;4;2;3;4;3;2;2;3;2;4;2;4;2;3;5;7;3;3;5;2;3;3;1;3;2;3;3;2;4
78;2020;4;4;4;3;4;3;4;5;2;5;4;4;4;3;4;3;1;2;2;1;2;2;4;3;2;1;2;3;4;3;3;2;1;1;1;2;4;5;4;2;4;3;4;4;2;1;1;1;1;1;3
79;2020;4;4;3;2;3;1;1;4;3;4;5;3;5;3;1;4;4;5;5;3;4;4;5;5;4;5;5;3;3;3;3;2;1;4;2;4;7;5;5;3;6;4;1;3;3;1;2;1;2;1;2
80;2020;4;4;3;4;5;4;4;4;3;4;1;4;3;5;5;3;1;5;4;3;4;3;5;3;3;3;3;3;1;5;2;2;1;1;1;1;5;7;5;2;3;2;2;1;1;1;2;2;3;1;6
81;2020;5;4;4;4;2;4;4;2;4;4;4;4;4;4;2;2;4;4;4;4;4;4;4;4;4;2;2;6;2;2;2;7;1;4;1;1;6;1;1;1;4;1;4;;;;2;3;2;1;3
82;2020;3;3;3;4;3;3;3;4;3;3;1;4;3;3;3;3;3;4;5;4;2;3;3;4;4;3;3;5;5;4;4;3;5;5;2;7;4;6;6;5;6;;2;4;5;6;1;1;2;2;1
83;2020;3;4;5;5;3;3;3;4;4;4;3;4;2;4;4;4;3;4;3;3;4;4;4;3;4;3;5;3;3;1;4;2;3;5;5;6;5;6;5;6;6;6;6;3;6;6;1;6;1;1;3
84;2020;2;2;2;1;2;2;1;1;1;1;1;2;2;2;2;2;2;2;2;2;2;2;2;1;1;2;2;1;1;1;4;1;1;1;1;1;1;1;1;1;1;1;1;1;1;1;2;6;1;2;2
85;2020;5;5;5;5;5;5;5;5;4;1;5;5;5;5;5;5;4;5;5;5;5;5;5;5;5;5;7;7;7;7;7;7;1;5;5;3;4;3;4;5;5;5;5;4;4;4;2;6;1;2;5
86;2020;2;4;3;2;3;2;4;4;2;5;4;5;2;4;1;2;3;4;2;3;2;4;5;3;2;3;2;2;3;3;2;2;1;4;2;4;6;7;5;3;;3;2;3;1;1;2;3;3;2;6
87;2020;1;4;4;3;4;3;4;3;5;3;2;4;4;3;2;4;3;3;5;3;3;3;3;3;3;3;4;5;5;4;4;2;5;7;7;5;;;6;6;5;5;6;3;6;6;2;6;2;2;3
88;2020;4;5;5;4;3;4;3;4;4;3;3;5;5;3;5;4;3;4;4;3;3;4;3;3;5;3;3;4;5;6;4;1;1;5;5;6;6;7;6;6;6;5;5;5;6;5;1;1;1;1;4
89;2020;5;4;5;4;5;4;4;5;5;5;3;1;4;4;2;4;3;1;3;4;3;3;4;4;2;3;4;3;4;3;1;3;1;2;1;1;5;6;2;2;5;3;1;3;1;1;1;1;1;1;2
90;2020;5;5;4;5;2;3;3;4;3;4;4;4;3;5;2;3;4;5;4;4;3;4;5;3;2;2;2;2;2;1;1;5;4;5;4;5;6;7;5;4;6;4;4;4;4;4;2;3;3;1;4
91;2020;1;3;3;4;2;5;4;4;2;5;4;2;4;4;2;4;4;2;3;4;3;4;5;1;3;2;3;2;1;1;2;4;2;1;1;4;5;7;2;3;5;3;1;1;2;1;1;1;2;2;4
92;2020;3;3;3;2;2;2;2;4;3;3;3;2;2;3;3;1;1;2;3;2;1;2;3;1;2;1;3;3;3;3;3;4;3;4;1;4;5;7;4;1;5;1;4;4;2;2;1;1;1;1;4
93;2020;4;5;4;4;3;3;4;5;3;5;3;4;3;5;3;4;3;5;4;5;3;5;5;4;3;3;1;1;1;1;1;2;1;1;1;1;2;7;6;4;2;1;2;2;2;2;1;1;1;2;6
94;2020;4;5;5;4;3;3;5;5;3;5;3;4;4;4;3;4;3;5;4;5;3;5;5;4;3;3;1;1;1;1;1;4;2;4;2;4;5;5;5;1;7;2;4;4;4;4;2;3;3;2;3
95;2020;5;5;5;5;4;4;4;5;4;5;4;4;4;5;4;5;4;5;4;5;4;5;5;4;4;4;1;1;1;1;1;3;1;1;1;1;2;7;7;4;4;3;2;2;2;2;1;1;2;2;5
96;2020;2;2;1;2;1;2;2;4;3;3;2;2;2;3;2;2;2;2;3;1;1;1;3;2;1;1;4;4;4;4;4;5;4;5;4;5;7;7;5;1;7;1;4;4;4;4;2;2;2;2;2
97;2020;3;3;2;3;2;3;3;4;3;3;3;2;2;3;2;2;2;2;2;2;2;2;3;2;3;2;3;3;3;3;3;7;1;7;3;4;7;7;7;1;7;1;3;3;3;3;2;1;2;1;1
98;2020;4;4;4;4;4;4;4;5;4;5;4;4;4;5;4;4;4;4;4;4;4;4;5;4;4;4;2;2;2;2;2;4;1;4;1;4;4;7;7;3;5;2;4;4;4;4;2;3;3;1;3
99;2020;4;5;4;4;3;4;4;5;4;5;4;4;4;5;4;4;4;5;4;5;4;4;5;4;4;4;1;1;1;1;1;4;1;4;1;2;4;7;7;3;4;2;4;4;4;4;2;2;3;1;3
100;2020;5;5;5;5;4;4;4;5;4;5;4;4;4;5;4;4;4;5;4;5;4;5;5;3;4;4;1;1;1;1;1;1;1;1;1;1;1;7;7;4;1;4;1;1;1;1;1;1;1;1;6
101;2020;4;4;4;4;3;4;4;4;4;5;4;4;4;5;4;4;4;4;4;4;4;4;5;4;4;4;1;1;1;1;1;4;1;4;1;4;5;6;5;3;5;1;3;4;3;2;2;3;4;2;4
102;2020;4;4;3;3;2;3;3;4;3;4;3;3;3;4;3;3;3;4;3;3;3;3;4;3;3;3;2;2;2;2;2;3;1;4;1;4;4;6;4;1;4;1;3;4;3;3;1;6;2;1;2
103;2020;4;4;3;3;2;3;3;5;3;4;2;3;3;4;2;2;2;4;4;4;2;3;4;2;2;1;3;2;2;2;2;4;1;3;1;3;5;7;4;1;5;1;4;4;3;2;1;6;3;1;2
104;2020;4;5;3;3;2;2;2;5;3;4;2;2;3;4;2;2;2;3;3;2;2;2;4;2;2;1;2;2;2;2;2;3;1;3;1;3;5;7;4;1;5;1;3;4;2;3;1;6;2;2;3
105;2020;3;4;2;2;1;2;2;4;2;4;2;2;2;4;1;2;2;3;2;2;2;2;4;2;2;1;3;3;3;3;3;2;1;2;1;2;4;7;4;1;4;1;2;2;1;2;2;3;3;1;4
106;2020;4;5;4;4;3;3;4;5;4;5;4;4;4;5;3;4;4;5;4;4;4;4;5;3;3;4;1;1;1;1;1;2;1;2;1;1;3;7;6;2;3;1;2;2;1;1;2;4;4;1;5
107;2020;3;4;2;4;2;2;2;4;3;4;2;2;3;4;2;3;2;3;3;2;2;3;4;2;3;2;2;2;2;2;2;1;1;1;1;1;1;7;6;1;1;2;1;1;1;1;1;1;1;2;6
108;2020;4;5;3;4;2;3;4;5;4;4;3;4;3;4;2;2;3;4;3;4;3;4;5;2;2;1;2;2;2;2;2;2;1;2;1;2;4;7;5;2;6;1;2;3;1;1;2;5;4;1;5
109;2020;4;4;4;4;3;3;4;4;3;4;3;4;3;4;3;3;3;4;3;3;3;3;4;3;3;3;3;2;3;3;3;2;1;2;1;2;4;7;4;2;4;1;2;2;1;2;1;6;3;1;3
110;2020;3;4;3;2;1;2;2;4;3;3;2;2;3;4;1;2;2;2;3;2;2;2;4;2;2;1;3;2;3;3;3;2;1;2;1;1;4;6;4;2;5;1;2;3;1;1;2;3;3;2;3
111;2020;4;4;4;4;4;4;4;5;4;5;4;4;4;5;2;4;4;5;4;4;4;4;5;4;4;2;1;1;1;1;1;1;1;1;1;1;1;7;4;1;4;1;1;2;1;1;2;3;3;2;4
112;2020;3;4;3;3;2;3;3;3;2;3;2;3;2;3;2;2;2;2;2;3;2;2;3;3;2;1;3;3;3;3;3;4;1;4;1;3;5;7;4;1;5;1;2;4;1;1;1;6;2;2;1
113;2020;4;3;3;2;3;1;1;5;2;5;4;2;3;4;2;4;2;3;3;2;2;2;4;3;3;4;3;1;3;1;1;4;1;4;1;3;6;7;5;2;5;1;4;1;1;1;2;3;3;1;5
114;2020;4;4;3;4;2;2;2;4;3;4;2;2;3;3;2;2;2;3;3;2;3;2;4;2;2;2;3;2;3;3;2;2;1;2;1;2;4;6;3;1;5;1;2;2;1;1;2;3;3;2;4
115;2020;4;5;4;3;5;2;4;4;2;4;4;4;3;4;3;4;2;5;4;4;3;3;5;4;2;4;1;2;3;1;2;1;1;4;1;2;7;7;4;1;5;1;1;1;1;1;1;1;2;1;2
116;2020;3;4;3;4;4;4;5;5;4;5;4;3;3;4;3;4;3;5;4;3;3;3;5;3;4;3;1;1;3;1;1;3;2;4;3;1;6;6;4;1;5;2;1;1;3;3;2;3;3;1;3
117;2020;3;4;3;3;1;2;2;4;3;4;2;2;3;4;2;2;3;3;3;2;2;3;4;2;2;2;3;3;3;2;3;3;1;2;1;1;5;7;4;1;4;1;2;2;1;1;2;3;3;1;4
118;2020;4;4;3;4;2;3;3;5;3;5;3;3;3;4;2;3;2;4;3;3;3;3;4;2;2;2;1;2;2;2;2;3;1;2;1;1;4;7;3;1;6;1;1;1;1;1;2;2;2;2;3
119;2020;4;4;4;1;3;4;3;4;4;5;4;4;5;3;4;3;3;5;4;4;3;3;4;4;3;5;1;2;1;1;1;3;2;2;1;1;5;6;3;3;5;1;4;3;2;4;2;3;3;2;4
120;2020;3;4;2;2;1;3;2;4;3;5;2;3;3;4;2;2;4;3;3;2;3;3;4;2;3;2;2;2;2;2;2;3;1;2;1;3;5;7;3;1;5;1;1;2;1;1;2;2;2;1;3
121;2020;1;3;3;4;4;4;4;4;2;4;4;4;3;4;4;3;4;5;4;4;4;4;4;2;1;4;1;3;2;2;3;4;4;5;1;1;7;7;4;2;5;3;3;1;1;1;2;4;4;1;3
122;2020;2;3;1;2;1;2;2;4;2;3;2;2;2;3;1;2;2;2;3;2;3;2;3;1;3;1;3;3;3;3;3;3;1;3;1;3;6;7;3;1;5;1;1;2;1;1;1;6;2;2;2
123;2020;3;3;3;3;2;3;2;4;3;4;3;3;3;3;2;2;2;3;3;3;3;2;3;1;3;1;3;3;3;3;3;2;1;1;1;2;6;7;3;1;5;1;1;1;1;1;1;6;2;1;2
124;2020;1;5;4;4;2;2;4;5;1;5;3;5;4;5;3;5;1;1;4;5;4;4;4;4;4;5;3;2;1;4;4;5;4;4;2;1;6;7;5;1;6;3;3;2;1;1;2;3;4;2;2
125;2020;4;4;4;4;3;3;3;4;3;4;3;3;3;4;2;3;3;4;3;3;2;4;4;4;3;2;2;2;2;2;2;2;1;1;1;1;4;7;2;1;4;1;1;1;1;1;2;2;2;2;2
126;2020;4;5;4;4;3;3;4;5;4;5;4;4;4;5;3;4;4;4;4;4;4;4;5;4;4;3;1;1;1;1;1;1;1;1;1;1;4;6;2;1;4;1;1;1;1;1;2;4;3;1;4
127;2020;4;5;4;4;4;4;4;5;4;5;4;4;4;5;4;4;4;5;4;4;4;5;5;3;4;4;1;1;1;1;1;1;1;1;1;1;1;7;3;1;1;1;1;1;1;1;1;1;2;2;5
128;2020;4;4;4;4;4;4;4;5;4;5;4;4;4;5;4;4;4;5;4;5;4;4;5;3;4;4;1;1;1;1;1;1;1;1;1;1;1;7;4;1;1;1;1;1;1;1;2;2;2;2;6
129;2020;4;4;4;4;3;4;4;5;4;5;4;4;4;5;3;4;4;4;4;4;4;4;5;3;4;3;1;1;1;1;1;1;1;1;1;1;1;7;3;1;1;1;1;1;1;1;2;2;2;1;5
130;2020;4;4;4;4;3;4;4;5;4;5;4;4;4;5;4;4;4;5;4;4;4;4;5;3;4;4;1;1;1;1;1;1;1;1;1;1;1;7;3;1;1;1;1;1;1;1;2;2;2;1;6
131;2020;4;4;4;4;3;3;3;4;3;4;4;3;4;4;3;4;3;4;4;4;3;4;5;2;3;3;2;3;3;2;2;3;1;1;1;2;4;6;2;1;4;1;2;2;1;1;2;2;2;1;3
132;2020;4;5;4;4;3;3;4;5;3;4;4;4;4;4;3;4;3;4;4;4;3;4;4;4;3;3;3;2;3;2;3;3;1;1;1;1;4;7;2;1;5;1;1;4;1;1;2;3;3;1;3
133;2020;4;5;4;4;2;3;4;5;4;5;4;3;4;4;2;4;3;4;4;4;3;4;4;2;4;2;2;2;2;2;2;2;1;2;1;1;4;7;2;1;5;1;1;4;1;1;1;6;2;2;2
134;2020;4;5;4;4;2;3;3;4;3;4;4;3;4;4;3;4;3;4;4;4;3;3;4;2;3;3;2;2;2;2;2;2;1;1;1;1;4;6;2;1;6;1;2;4;1;1;1;6;2;1;2
135;2020;4;4;4;4;2;2;3;4;3;4;3;3;4;4;2;4;3;4;4;3;3;3;4;2;3;2;3;2;2;2;3;1;1;1;1;1;4;5;2;1;5;1;1;3;1;1;2;3;3;1;3
136;2020;4;4;3;4;2;3;3;4;3;4;3;3;3;4;2;4;3;3;4;3;3;3;4;2;3;2;2;2;2;2;2;3;1;1;1;1;4;7;3;1;5;1;1;3;1;1;1;1;2;1;1
137;2020;4;4;3;4;2;3;2;4;3;4;2;2;3;4;2;4;2;3;4;3;2;3;4;2;3;2;3;2;2;3;3;3;1;3;1;3;5;7;3;1;6;1;2;4;1;1;1;6;2;2;1
138;2020;3;4;3;4;1;3;2;4;3;4;3;2;3;4;2;3;2;3;3;2;3;3;4;1;3;1;3;3;3;3;3;2;1;2;1;2;5;7;3;1;7;1;1;2;1;1;1;6;2;1;2
139;2020;4;5;4;4;3;3;4;4;3;5;4;4;4;5;3;4;3;5;4;4;3;4;5;4;3;3;2;2;2;2;2;3;1;2;1;3;5;7;3;1;6;1;2;2;1;1;2;3;4;2;4
140;2020;4;4;4;4;3;3;4;4;3;4;3;4;3;4;3;4;3;4;4;3;3;3;4;3;3;3;3;3;3;3;3;1;1;1;1;1;3;7;3;1;4;1;1;1;1;1;2;2;3;1;3
141;2020;4;5;4;4;3;3;4;4;4;4;4;4;4;5;3;4;3;4;4;4;3;4;4;3;4;3;2;2;2;2;2;2;1;2;1;1;3;7;2;1;4;1;1;2;1;1;2;2;2;1;3
142;2020;4;4;4;4;2;2;3;4;3;4;4;3;4;4;2;4;3;4;4;4;3;4;4;2;4;3;3;3;3;3;3;1;1;1;1;1;1;7;1;1;4;1;1;1;1;1;2;2;2;2;3
143;2020;4;4;4;4;2;3;4;4;3;4;4;4;4;4;3;4;3;4;4;4;3;3;4;3;4;3;2;2;2;2;2;3;1;2;1;2;3;7;3;1;4;1;1;2;1;1;2;2;3;1;4
144;2020;4;4;4;4;2;3;4;4;3;4;4;4;4;4;3;4;3;4;4;4;3;4;4;3;4;3;2;2;2;2;2;2;1;1;1;2;2;7;3;1;4;1;1;1;1;1;2;2;2;2;3
145;2020;4;4;4;4;2;2;2;4;2;4;3;2;3;4;2;4;2;4;4;3;2;2;4;2;3;2;2;2;2;2;2;3;1;2;1;1;3;7;3;1;5;1;1;1;1;1;1;6;2;1;2
146;2020;4;4;4;4;2;3;3;4;3;4;3;3;4;4;2;4;3;4;4;3;3;3;4;3;4;2;3;2;3;2;2;2;1;1;1;1;2;6;1;1;4;1;1;1;1;1;1;6;2;2;2
147;2020;3;4;3;3;2;3;3;4;3;4;3;3;4;4;2;3;3;3;3;3;3;3;4;2;3;2;3;3;3;3;3;1;1;1;1;1;3;6;2;1;4;1;1;2;1;1;1;1;2;1;2
148;2020;4;4;4;4;2;3;4;4;4;4;4;4;4;4;3;4;3;4;4;4;3;4;4;2;4;3;2;2;2;2;2;1;1;1;1;1;4;6;2;1;4;1;1;1;1;1;1;1;2;2;2
149;2020;4;4;4;4;3;3;3;4;4;4;3;3;4;4;2;4;3;4;4;4;3;4;5;3;4;2;2;2;2;2;2;1;1;1;1;1;1;7;2;1;3;1;1;1;1;1;2;3;3;1;3
150;2020;4;4;4;4;2;4;4;4;4;4;4;3;4;5;2;4;2;4;4;3;3;4;5;3;4;2;2;2;2;2;2;1;1;1;1;1;4;7;3;1;5;1;1;4;1;1;2;4;3;1;3
151;2020;4;2;2;2;2;4;4;3;3;4;2;3;2;4;4;3;3;2;4;4;4;3;3;2;2;3;5;5;6;7;4;4;3;4;2;3;2;3;3;1;4;1;1;1;2;1;2;2;2;1;2
152;2020;4;4;4;3;3;3;3;4;4;4;3;2;3;4;2;2;2;4;3;4;3;4;4;2;3;3;3;3;3;3;3;3;1;1;1;2;4;7;4;2;6;3;1;2;1;1;2;3;3;2;3
153;2020;5;5;5;5;5;5;5;5;5;5;5;5;5;5;5;3;3;5;5;5;5;5;4;3;5;5;4;1;1;1;1;3;1;1;4;4;5;6;4;1;1;1;3;3;1;5;2;3;2;2;1
154;2020;2;2;1;3;3;2;2;2;2;3;3;3;4;2;2;3;4;3;4;3;3;3;4;2;4;3;4;4;5;5;1;5;1;4;2;2;3;7;2;2;2;2;2;3;3;3;1;1;1;1;2
155;2020;3;3;2;3;4;3;4;1;3;4;4;3;3;4;3;4;2;3;3;4;4;4;4;3;3;4;5;6;5;5;4;4;1;2;2;3;6;7;4;2;4;2;3;2;2;2;2;2;3;2;3
156;2020;3;4;4;4;3;2;4;4;5;5;4;3;3;3;5;5;4;4;3;3;4;3;3;4;4;4;4;3;3;4;4;3;1;2;1;1;3;7;2;2;2;1;3;6;2;2;1;2;1;1;4
157;2020;4;4;3;3;4;4;3;4;4;3;3;4;4;3;4;3;4;4;3;4;3;4;3;4;3;4;5;5;4;5;5;6;2;3;3;1;5;1;2;1;1;2;2;1;2;2;2;3;2;1;3
158;2020;4;2;2;3;2;3;3;4;2;3;3;4;3;2;3;4;4;3;4;4;3;4;4;3;4;3;6;6;5;4;5;2;3;2;2;1;4;7;3;3;3;3;2;2;1;2;2;2;1;2;2
159;2020;4;4;4;3;4;3;1;2;2;3;4;3;4;5;3;3;2;2;5;4;3;4;4;2;4;4;3;4;4;4;5;4;1;2;1;2;6;6;1;2;2;2;2;3;2;1;1;1;1;1;2
160;2020;3;3;2;3;4;3;2;3;2;3;4;3;2;3;3;3;4;2;4;3;2;4;3;4;4;4;7;1;1;2;6;7;1;6;1;4;7;7;3;3;2;2;2;1;1;1;1;2;1;2;4
161;2020;4;3;2;3;3;4;4;3;2;2;3;2;2;4;3;4;3;4;3;2;3;4;3;2;4;2;3;4;3;3;5;6;2;5;5;2;2;6;2;2;2;2;1;1;1;1;2;4;3;2;4
162;2020;4;4;3;3;4;3;4;3;2;4;4;3;4;3;4;3;4;3;4;3;3;4;4;4;3;4;4;5;5;5;6;5;5;6;4;3;7;4;4;3;3;3;4;3;2;2;1;1;1;1;2
163;2020;4;3;2;4;4;3;3;4;2;4;2;4;3;4;3;4;4;3;4;3;2;2;3;1;5;2;1;2;1;1;1;5;6;5;1;6;7;7;2;5;2;2;2;3;2;2;2;2;3;2;5
164;2020;4;3;3;2;2;3;3;3;4;3;4;3;3;4;4;4;5;3;4;4;4;3;4;5;5;4;5;4;3;3;3;6;5;7;1;1;5;6;1;1;1;1;2;3;1;1;2;3;4;2;3
165;2020;4;3;4;3;3;4;3;4;2;2;4;3;4;4;4;3;3;3;4;2;4;3;5;5;5;4;4;1;2;3;4;5;1;3;2;2;6;7;3;1;1;1;1;5;1;1;2;2;2;1;2
166;2020;1;4;3;4;3;4;3;3;4;3;4;4;3;4;3;3;4;4;4;3;3;4;3;4;3;3;3;6;4;5;5;5;4;3;3;3;6;3;3;2;2;2;1;1;1;1;1;1;2;1;4
167;2020;2;3;2;4;4;4;3;4;4;3;3;4;4;2;1;2;3;2;3;3;2;3;4;5;5;3;7;4;5;5;4;4;4;3;1;1;7;4;3;3;2;3;2;2;1;1;1;2;1;1;3
168;2020;2;3;3;3;4;2;4;2;4;2;3;4;4;5;4;3;4;4;5;3;4;3;4;3;2;4;5;4;5;5;5;6;5;5;3;3;2;2;1;1;1;1;2;1;2;1;1;2;2;1;4
169;2020;4;3;3;2;3;4;4;3;4;3;4;4;3;4;4;3;4;4;5;5;4;3;4;4;4;2;4;3;4;5;3;6;1;6;3;3;6;7;2;2;2;2;2;1;2;1;1;4;2;1;4
170;2020;4;4;3;3;4;4;2;4;4;4;3;4;5;4;5;4;3;4;3;4;5;2;4;5;4;5;6;5;5;4;4;7;6;5;4;3;7;3;2;2;1;1;1;2;3;2;2;2;1;1;3
171;2020;5;3;3;2;4;3;2;4;2;3;4;2;5;4;4;4;3;3;4;3;4;2;4;3;3;3;7;5;4;4;4;6;6;5;1;1;3;5;2;2;2;2;1;1;1;1;2;3;3;2;4
172;2020;2;2;4;3;2;3;2;3;4;2;4;2;4;4;3;2;4;2;4;2;4;2;4;4;2;4;3;4;3;4;2;6;4;4;2;3;5;5;3;2;1;1;1;2;1;1;2;3;2;1;3
173;2020;3;3;2;4;2;4;2;4;2;3;4;3;4;2;3;3;2;2;2;3;2;2;4;2;3;3;5;5;4;5;6;5;4;3;2;4;7;7;3;2;3;1;1;3;2;1;1;1;2;1;3
174;2020;2;2;3;2;2;2;2;3;3;3;2;3;3;4;3;3;3;4;4;3;4;4;5;5;4;4;5;5;4;4;5;6;5;6;5;3;7;3;2;2;2;2;1;2;1;1;1;3;1;1;1
175;2020;2;2;4;3;4;4;3;4;3;3;2;4;4;3;4;5;5;4;5;4;4;5;4;5;4;3;4;4;4;3;6;6;5;3;3;2;7;2;3;2;1;2;1;1;2;1;1;3;4;2;4
176;2020;5;3;4;4;3;4;5;4;4;3;3;3;2;3;2;2;3;2;2;3;3;2;3;2;3;3;3;5;5;6;3;6;5;5;4;4;3;7;2;1;1;2;2;1;1;3;1;2;1;2;4
177;2020;5;4;3;3;2;4;2;4;4;4;2;3;3;2;2;4;2;2;3;3;4;4;5;4;5;4;6;7;6;2;1;7;6;6;2;3;3;7;7;3;2;2;1;2;3;3;1;3;3;2;3
178;2020;5;4;4;5;4;3;5;4;3;4;3;4;4;5;4;3;5;4;4;3;5;4;5;4;5;4;5;7;7;7;7;7;6;6;5;2;7;4;3;3;2;2;1;1;2;3;1;2;2;1;3
179;2020;5;5;4;2;4;4;3;4;4;3;5;4;4;5;3;3;4;3;5;5;4;5;4;3;4;4;3;2;5;4;6;7;5;5;4;3;3;6;3;2;5;3;2;2;2;1;1;2;2;2;4
180;2020;5;4;5;4;4;4;5;4;5;5;2;4;5;5;4;3;5;4;4;5;4;4;5;4;3;2;4;6;5;4;6;6;5;6;4;3;7;7;3;3;4;3;3;2;2;3;1;2;2;1;2
181;2020;5;5;3;4;3;2;4;4;3;2;2;3;3;2;3;4;2;4;2;4;2;4;2;4;4;4;2;6;6;4;4;6;5;6;4;4;3;3;3;2;2;3;3;2;2;1;2;3;2;2;5
182;2020;5;5;4;3;5;4;3;3;2;3;4;4;4;3;4;2;5;4;3;2;5;4;3;5;4;4;4;6;5;5;6;7;6;6;5;5;5;4;3;2;1;2;1;1;1;1;1;3;3;2;5
183;2020;3;2;1;2;2;3;5;3;4;3;2;4;2;4;2;4;4;5;3;2;4;4;5;4;5;4;5;6;4;3;7;6;4;5;4;3;3;2;2;2;1;1;2;1;1;1;2;2;1;1;4
184;2020;4;3;3;5;4;2;5;4;5;4;4;4;3;5;4;3;2;2;4;4;4;3;4;4;5;5;6;6;3;1;1;7;5;4;3;3;2;1;1;1;1;1;1;2;1;4;1;2;1;1;2
185;2020;5;4;3;4;4;3;5;4;4;4;3;5;4;3;4;4;3;5;4;5;4;4;3;5;3;4;6;3;2;1;1;7;6;5;5;4;3;2;2;1;1;3;2;2;1;1;1;2;1;1;4
186;2020;5;3;4;5;4;1;1;5;2;4;2;2;4;2;2;4;2;2;2;4;3;2;4;2;3;3;2;3;5;2;5;6;5;6;1;7;7;7;2;1;1;2;1;3;3;2;1;3;3;2;4
187;2020;5;4;3;3;4;4;2;4;2;2;3;3;2;2;3;4;2;3;2;3;2;1;5;5;4;4;4;4;6;3;3;7;5;4;4;2;2;6;2;2;2;1;1;1;1;1;2;4;4;2;5
188;2020;5;3;3;4;5;4;3;2;2;3;3;4;3;2;4;3;4;3;2;4;4;4;2;4;2;4;6;4;3;5;3;7;6;7;2;3;5;7;2;2;2;3;2;2;2;1;2;3;4;1;3
189;2020;5;4;3;2;4;3;2;4;3;3;3;3;4;4;3;2;4;3;3;2;2;2;4;4;4;3;4;4;3;6;3;6;5;5;1;1;7;5;1;1;1;2;2;1;1;1;1;1;1;1;3
190;2020;5;4;3;3;2;3;2;4;2;3;3;2;3;4;5;5;5;4;3;3;2;1;2;1;5;4;7;5;4;3;6;6;5;7;1;1;4;6;1;1;7;4;3;2;1;1;2;4;3;2;4
191;2020;5;3;2;5;3;5;3;2;2;2;5;3;5;3;4;4;2;4;4;4;2;4;2;4;2;3;5;4;3;5;3;7;6;6;5;5;7;4;4;3;3;1;1;6;3;2;1;1;1;1;2
192;2020;5;4;3;4;3;3;5;3;2;4;2;4;2;4;5;5;3;2;4;4;2;4;4;3;2;4;2;6;3;3;2;7;5;7;2;4;3;4;4;2;7;3;2;2;1;1;1;1;1;2;3
193;2020;5;3;5;5;4;4;3;4;2;1;5;4;2;5;5;4;4;2;4;4;5;4;4;3;4;4;4;6;6;4;6;6;5;5;3;2;7;7;2;2;1;2;2;3;3;2;2;3;4;1;3
194;2020;5;3;4;5;5;4;4;5;4;5;4;5;4;5;4;5;4;4;5;4;5;4;5;4;3;3;6;4;6;5;4;7;6;7;1;5;7;7;1;1;1;1;2;7;3;2;1;1;1;1;1
195;2020;5;3;4;4;5;4;3;4;3;4;5;4;4;3;5;4;5;4;4;3;5;3;4;5;4;4;5;2;7;5;2;7;6;7;7;5;4;3;1;1;1;1;1;6;4;3;2;3;3;2;4
196;2020;5;3;3;4;4;4;5;5;4;3;5;3;5;2;5;3;5;2;5;2;5;2;5;3;4;4;6;6;4;3;6;6;5;5;5;1;5;7;2;2;5;1;2;1;1;1;1;1;1;1;1
197;2020;5;3;3;1;2;2;3;2;3;2;1;2;2;4;2;4;2;5;5;5;4;5;4;3;5;5;5;5;7;6;4;7;6;4;3;2;2;1;1;1;1;1;2;2;1;1;1;1;2;2;1
198;2020;5;4;3;2;2;3;4;3;4;4;3;2;4;4;3;4;4;4;3;5;5;4;5;4;3;4;5;5;4;5;5;5;1;7;1;6;7;7;;1;7;2;3;;3;3;1;1;1;1;2
199;2020;4;3;2;5;5;4;5;4;4;3;5;4;4;4;3;3;4;3;3;2;5;4;4;3;5;4;4;6;4;6;7;7;6;5;6;;3;3;1;1;7;2;1;2;3;1;2;3;3;2;4
200;2020;2;5;5;4;4;2;4;5;4;3;5;4;3;5;3;5;3;5;3;5;4;3;3;5;3;5;7;5;6;7;7;7;6;7;4;5;7;7;2;2;7;2;3;3;3;7;1;1;1;1;1
201;2020;2;3;5;3;5;3;5;3;4;3;5;3;5;3;4;3;4;5;5;5;4;3;3;4;4;3;6;6;4;4;7;7;6;5;6;5;4;4;5;4;4;4;3;5;1;5;1;1;1;1;2
202;2020;5;4;3;4;2;5;3;5;2;5;3;4;2;5;3;5;3;5;3;5;3;5;5;4;5;4;5;4;7;5;4;7;6;5;3;3;3;7;7;4;3;3;3;6;4;3;1;1;1;1;3
203;2020;4;4;3;3;3;2;2;5;1;4;2;4;3;4;4;1;2;3;4;3;3;2;4;4;4;3;6;4;4;3;3;7;6;5;4;6;7;7;4;4;7;2;5;6;1;1;2;3;3;2;5
204;2020;5;3;3;4;3;5;4;2;4;4;4;3;3;4;3;4;4;4;3;4;5;4;4;3;3;4;5;5;4;5;6;7;1;5;1;1;4;6;2;2;7;3;2;2;2;1;1;1;1;1;2
205;2020;5;1;3;3;3;3;2;4;2;3;3;3;4;3;2;4;2;2;4;2;3;3;4;2;4;2;5;5;5;3;4;6;1;5;1;3;2;1;5;2;3;5;4;7;7;5;2;4;4;1;5
206;2020;5;4;3;2;3;4;5;4;4;3;4;3;5;3;3;2;3;4;3;3;2;4;4;3;2;4;4;3;5;5;5;6;5;6;1;1;5;4;5;1;7;4;1;7;1;1;1;1;1;1;3
207;2020;5;4;3;4;5;3;4;3;4;5;4;5;4;3;3;3;2;3;4;4;4;4;3;3;4;3;4;5;6;5;4;6;1;5;4;1;2;2;2;1;1;2;2;1;1;1;1;1;1;1;3
208;2020;2;2;5;4;4;4;3;3;2;3;4;3;4;4;3;5;4;3;5;3;4;3;3;2;3;4;5;4;4;5;5;7;1;6;5;5;5;7;1;1;6;1;5;6;1;1;2;4;3;1;3
209;2020;1;4;4;3;4;4;3;2;4;4;3;4;5;5;4;3;3;2;3;4;4;3;4;4;4;3;7;5;5;4;4;7;1;6;4;4;7;7;2;2;2;2;1;3;2;2;1;3;3;2;3
210;2020;2;3;3;4;3;2;2;5;3;2;4;3;3;2;4;2;4;2;3;3;3;2;3;2;4;2;6;3;4;3;3;6;1;6;1;1;7;7;2;2;1;1;1;1;2;;1;1;1;1;2
211;2020;3;3;3;2;1;2;1;4;3;3;2;2;3;3;3;3;2;3;3;3;3;3;3;2;3;3;4;4;4;4;4;1;1;1;1;2;3;7;3;1;4;1;1;1;1;1;1;1;1;2;1
212;2020;4;4;4;4;4;4;4;5;4;5;4;4;4;5;3;3;4;4;4;4;3;4;4;4;3;3;1;1;1;1;1;1;1;1;1;1;3;7;3;2;5;1;1;1;1;1;2;3;3;1;3
213;2020;3;3;3;3;2;3;2;4;3;3;2;2;2;3;2;2;2;3;3;2;3;2;3;1;2;2;4;4;4;4;4;3;1;2;1;3;4;7;3;1;4;1;1;1;1;1;2;2;2;2;2
214;2020;4;4;4;4;3;3;3;4;4;4;3;3;3;5;3;3;3;4;3;4;3;4;4;3;3;3;2;2;2;2;2;2;1;1;1;1;2;7;4;1;4;1;1;1;1;1;2;3;2;2;3
215;2020;4;4;4;3;2;3;3;4;3;4;3;3;4;5;3;3;3;4;3;4;3;4;4;3;3;3;2;2;2;2;2;1;1;1;1;1;3;7;4;3;4;1;1;1;1;1;2;4;3;1;4
216;2020;3;4;3;3;1;3;2;5;3;4;3;3;3;4;3;3;3;4;3;3;3;3;4;2;3;3;3;3;3;3;3;1;1;1;1;1;3;7;4;2;4;1;1;1;1;1;2;3;3;1;3
217;2020;4;4;4;3;4;3;4;3;4;4;4;4;4;4;3;4;4;4;4;3;4;4;4;3;3;4;2;2;2;2;2;1;1;1;1;1;2;7;2;2;3;2;1;1;1;1;2;2;2;2;4
218;2021;4;4;4;5;2;5;4;5;2;4;4;4;5;4;4;2;1;3;4;4;5;4;4;4;4;4;3;3;3;3;1;3;3;5;4;4;2;6;6;6;6;6;6;6;1;4;2;2;3;2;5
219;2021;4;4;4;3;2;3;4;4;3;4;4;4;4;4;3;3;3;4;4;4;2;4;4;4;4;3;5;2;2;2;2;4;1;3;3;3;3;3;4;2;1;1;3;4;4;4;2;4;3;2;3
220;2021;4;5;4;4;4;3;5;4;3;4;4;4;4;4;2;5;3;5;3;4;3;4;5;4;3;4;5;3;4;4;3;3;1;3;1;2;1;3;1;1;3;1;1;4;1;2;1;1;2;2;3
221;2021;3;4;3;2;4;3;4;4;3;5;4;4;4;4;3;2;3;4;3;4;4;4;4;4;3;3;3;2;2;2;2;1;2;1;1;1;1;2;1;2;4;4;4;5;2;7;1;1;3;2;3
222;2021;4;3;2;2;3;3;4;3;3;3;2;2;4;4;3;3;3;3;4;3;2;4;2;3;4;4;3;4;4;5;3;6;1;2;3;3;5;5;5;2;7;2;;6;1;1;1;1;1;1;3
223;2021;4;4;3;4;4;4;3;4;4;4;3;5;5;4;3;4;5;5;5;4;3;3;3;3;2;2;6;5;3;3;3;5;1;7;1;1;5;7;7;3;7;4;1;1;1;1;2;4;3;2;4
224;2021;4;4;4;3;1;3;4;2;2;4;1;4;4;5;4;4;3;4;5;5;4;5;4;4;5;4;5;1;2;6;3;6;1;7;1;1;1;4;1;1;5;4;1;1;1;1;1;4;3;1;3
225;2021;4;3;3;2;2;3;3;2;2;2;2;3;3;4;4;5;5;5;3;4;3;5;4;4;3;4;5;7;5;6;6;6;6;1;2;1;6;7;4;3;2;4;6;7;4;4;2;4;4;1;4
226;2021;5;5;4;4;4;4;3;4;4;5;5;4;2;3;4;3;5;4;3;4;3;2;5;4;3;4;7;5;2;3;2;5;3;3;3;4;3;4;2;2;1;2;3;2;2;1;1;1;1;1;2
227;2021;4;3;5;5;4;3;3;4;3;4;2;2;2;3;2;3;4;3;4;5;5;4;5;3;4;2;6;1;2;2;3;6;4;4;3;3;5;6;1;1;1;3;3;2;1;1;1;1;2;1;2
228;2021;3;4;1;3;4;4;3;4;3;4;5;5;5;4;3;4;5;4;4;3;4;4;5;4;3;4;5;3;2;2;2;6;3;5;3;1;5;7;3;3;3;3;3;2;2;2;2;4;3;2;4
229;2021;4;3;3;4;5;3;4;5;4;4;3;4;4;5;5;4;3;4;3;4;4;5;4;3;4;4;3;3;2;1;3;7;1;1;1;2;4;3;1;5;7;4;5;4;3;3;2;4;4;2;4
230;2021;5;4;3;4;5;5;4;3;3;4;3;4;4;5;3;2;3;4;3;4;5;5;4;3;4;4;7;2;1;1;4;6;5;7;4;3;6;4;3;3;6;4;2;7;2;1;2;4;4;2;5
231;2021;4;3;3;4;5;3;2;2;3;2;4;3;4;4;1;1;5;3;2;3;4;3;3;4;3;3;2;3;4;2;1;5;1;4;;1;4;5;3;2;6;1;2;6;2;1;1;2;2;2;2
232;2021;4;4;4;3;1;3;4;3;4;2;4;3;4;5;5;4;4;3;4;4;3;4;4;5;4;3;6;4;3;2;2;6;1;4;1;3;7;7;3;3;1;3;2;6;3;1;1;2;1;1;1
233;2021;4;3;4;4;4;3;4;5;4;3;3;4;4;5;4;5;4;5;4;4;5;4;5;5;4;5;3;3;3;3;2;6;4;3;1;1;7;7;5;5;5;6;4;4;6;3;2;4;4;1;4
234;2021;4;3;3;4;3;2;3;2;2;3;4;5;4;4;3;4;5;4;4;3;5;4;3;4;3;4;6;4;5;4;3;5;4;7;7;4;7;7;4;3;7;6;1;5;1;1;1;1;2;1;1
235;2021;4;3;2;4;3;4;3;4;5;4;5;4;3;4;5;4;5;4;3;4;5;4;3;4;3;4;4;3;1;1;1;6;1;4;2;3;7;7;3;2;1;5;4;3;1;1;1;1;3;2;3
236;2021;4;3;4;3;4;5;4;4;4;3;5;4;3;4;4;3;4;3;2;4;4;3;4;5;5;4;2;4;3;2;2;6;2;5;1;4;7;7;1;3;5;3;2;4;3;1;1;1;1;2;2
237;2021;5;3;4;4;3;4;4;3;4;4;3;5;3;4;5;5;4;3;4;4;5;4;5;4;3;3;6;3;3;2;2;6;2;3;1;3;7;6;3;3;7;4;3;2;5;1;2;3;3;2;2
238;2021;4;3;4;3;3;3;4;4;3;3;2;4;3;4;4;4;4;3;4;4;4;3;4;3;4;3;3;2;3;4;3;6;1;7;2;2;7;7;2;2;3;4;2;3;1;1;1;1;2;2;3
239;2021;4;4;3;4;4;5;3;4;4;4;4;3;4;5;3;4;3;4;5;4;3;3;2;3;3;4;7;4;3;1;4;7;6;7;5;5;7;6;3;3;6;4;3;3;2;1;2;3;3;2;5
240;2021;4;5;5;4;5;5;4;3;5;4;4;5;4;3;4;4;5;4;4;4;4;3;4;5;4;4;4;3;3;2;2;5;3;5;3;3;6;4;3;3;5;5;6;6;1;1;2;3;3;1;2
241;2021;5;5;3;2;3;2;4;2;2;3;4;2;1;3;3;2;2;2;3;4;2;3;2;4;1;3;3;4;1;1;1;6;1;6;3;3;5;6;3;4;6;3;1;3;1;1;1;1;2;2;4
242;2021;4;4;3;5;4;4;3;2;3;2;2;2;4;2;3;2;4;2;2;3;2;4;5;1;4;2;4;3;4;6;4;7;1;4;1;1;7;4;5;3;7;5;3;5;1;1;1;1;2;2;4
243;2021;4;5;4;4;3;4;5;4;3;3;4;3;4;3;4;3;4;4;5;3;4;3;2;3;2;4;4;3;1;1;2;6;5;7;5;5;7;5;5;4;4;1;1;3;2;1;2;4;4;1;5
244;2021;5;4;3;4;2;4;3;4;3;2;4;4;4;3;2;3;4;3;4;3;2;3;4;3;2;3;4;1;4;2;2;5;3;4;6;5;6;6;4;4;7;5;3;4;1;1;1;1;3;2;3
245;2021;4;3;4;4;4;3;4;3;4;4;3;4;4;3;4;5;4;5;4;3;4;5;4;3;4;4;4;3;2;3;2;6;3;4;3;3;6;6;3;3;6;4;4;6;1;1;1;1;3;1;5
246;2021;4;3;4;3;4;3;4;4;5;5;2;5;1;3;2;4;3;2;4;2;3;4;2;4;3;3;3;4;4;5;4;5;7;7;7;7;6;5;4;3;3;3;4;7;2;1;1;1;2;1;2
247;2021;5;4;3;2;3;4;3;3;3;2;3;4;3;4;3;4;3;2;4;3;4;4;4;3;2;3;3;2;2;1;1;6;5;7;1;1;7;5;3;1;3;4;3;2;2;1;1;1;1;1;2
248;2021;5;4;3;4;3;4;3;4;3;3;4;5;4;4;3;4;5;4;4;3;4;4;3;4;3;4;4;1;2;1;1;4;1;6;2;4;7;;6;4;7;4;5;5;1;1;1;1;2;1;5
249;2021;4;3;4;4;4;4;3;4;5;5;5;4;4;5;4;3;3;4;3;4;3;2;4;4;4;3;4;3;4;2;3;4;2;3;1;3;6;5;5;3;6;4;6;6;1;1;2;3;2;1;5
250;2021;4;3;4;3;4;3;4;4;3;4;3;4;2;4;3;4;3;4;3;4;3;4;4;4;3;3;3;3;4;3;2;4;3;4;2;2;6;7;7;5;6;4;6;7;4;1;1;1;1;1;1
251;2021;4;4;4;4;3;3;4;3;3;4;4;3;4;3;3;4;3;4;3;4;3;2;3;3;4;3;3;3;3;3;3;1;1;1;1;1;2;7;4;1;1;1;1;1;1;1;2;3;3;1;4
252;2021;3;3;3;3;2;3;3;4;4;4;2;3;3;4;3;2;3;2;3;2;3;2;4;3;3;2;2;3;3;2;2;1;1;1;1;1;3;7;4;1;5;1;1;1;1;1;1;1;1;1;1
253;2021;3;2;3;3;2;2;3;4;3;3;2;2;2;3;2;2;2;3;3;2;2;1;4;2;2;1;3;3;3;3;3;1;1;1;1;1;2;6;4;1;4;1;1;1;1;1;2;4;3;1;4
254;2021;3;3;3;3;2;2;2;4;2;3;3;2;2;4;2;2;3;3;2;1;3;1;4;2;1;2;4;3;3;3;3;1;1;1;1;1;1;6;2;1;2;1;1;1;1;1;2;3;3;2;3
255;2021;3;3;4;4;3;4;3;4;3;4;3;4;4;5;4;3;4;4;3;4;3;3;4;3;3;3;3;3;3;3;3;1;1;1;1;1;1;6;2;2;3;1;1;1;1;1;2;2;2;2;3
256;2021;3;3;4;4;3;4;3;3;4;4;4;4;4;3;4;3;3;4;3;3;3;3;4;2;2;3;3;3;2;2;3;1;1;1;1;1;1;6;4;2;4;1;1;1;1;1;2;4;3;2;5
257;2021;3;4;3;4;2;4;3;4;3;4;3;3;4;3;3;4;3;2;3;2;4;2;4;2;3;4;2;2;3;2;3;1;1;1;1;1;2;7;4;1;4;1;1;1;1;1;2;5;4;1;6
258;2021;3;3;3;4;3;3;3;4;3;3;2;2;3;4;3;3;3;3;4;3;3;4;3;3;2;3;3;3;3;3;3;2;1;2;1;1;3;7;3;1;3;1;1;1;1;1;2;3;3;1;4
259;2021;3;3;4;3;4;3;4;3;3;3;4;2;3;4;3;2;3;4;4;3;3;3;4;2;3;3;2;3;3;3;3;1;1;1;1;1;2;6;3;2;3;1;1;1;1;1;2;3;3;2;3
260;2021;3;4;3;3;3;3;4;4;3;3;3;4;4;4;3;3;3;4;3;3;3;4;4;2;3;3;2;3;2;2;3;1;1;1;1;1;3;7;1;1;4;1;1;1;1;1;2;3;3;1;3
261;2021;3;3;3;3;2;3;2;4;3;4;3;2;3;3;3;3;3;4;3;4;3;4;4;2;3;3;2;2;2;2;2;1;1;1;1;1;2;6;2;2;4;1;2;2;1;1;2;4;3;1;4
262;2021;4;4;4;3;2;3;3;4;3;4;3;3;3;4;3;3;3;4;3;4;3;4;4;2;3;2;2;3;3;3;3;1;1;1;1;1;3;6;3;2;3;1;1;1;1;1;2;3;3;1;4
263;2021;3;4;3;3;2;3;3;4;3;4;3;3;3;4;2;2;3;4;3;2;3;2;4;2;3;2;2;3;3;3;3;1;1;1;1;1;2;6;3;1;4;1;1;1;1;1;2;3;2;1;3
264;2021;3;4;3;3;2;3;3;4;4;3;4;4;4;3;4;4;3;4;4;3;3;4;4;3;3;3;2;3;3;3;3;1;1;1;1;1;2;7;4;1;3;1;1;1;1;1;1;1;1;1;1
265;2021;2;2;2;2;1;2;2;4;3;4;2;2;2;4;2;2;2;4;2;2;2;2;4;1;2;1;3;3;3;3;4;1;1;1;1;3;3;7;3;1;4;1;1;1;1;1;1;1;1;2;1
266;2021;2;2;2;2;2;2;2;4;2;3;2;2;2;3;2;2;2;2;2;2;2;2;3;1;2;2;3;3;3;3;3;1;1;1;1;3;4;7;2;1;3;1;1;1;1;1;1;6;2;2;1
267;2021;2;2;2;2;1;2;3;4;2;4;2;2;2;3;1;2;2;2;2;1;2;1;3;1;3;1;4;4;4;4;4;1;1;1;1;2;4;6;1;1;4;1;1;1;1;1;1;6;2;1;1
268;2021;2;2;2;2;1;2;2;4;3;3;2;2;2;3;1;2;2;2;2;2;2;2;3;1;2;1;4;4;4;4;4;1;1;1;1;1;4;6;2;1;4;1;1;1;1;1;1;6;2;1;2
269;2021;3;2;2;2;2;2;2;4;3;3;3;2;3;3;2;3;3;2;3;2;2;2;3;1;2;2;3;4;3;3;3;1;1;1;1;1;1;6;1;1;4;1;1;1;1;1;1;6;2;2;2
270;2021;2;2;2;2;1;3;3;4;3;4;3;3;3;4;2;2;3;2;3;2;2;2;3;2;3;2;3;3;3;3;3;1;1;1;1;1;4;6;2;1;3;1;1;1;1;1;1;6;2;1;2
271;2021;3;4;3;3;2;4;3;4;4;3;3;4;3;4;3;3;4;4;3;4;2;3;4;2;4;4;2;2;2;2;2;1;1;1;1;1;1;7;4;1;1;1;1;1;1;1;2;2;2;2;6
272;2021;4;4;2;2;2;2;1;2;3;2;3;3;2;3;3;3;2;3;2;3;2;2;3;2;3;3;3;3;3;3;3;1;1;1;1;1;1;7;1;1;4;1;1;1;1;1;2;3;3;1;4
273;2021;3;3;3;3;1;2;2;3;3;3;2;3;3;2;3;3;2;3;3;3;2;3;3;1;3;3;2;3;3;3;3;1;1;1;1;1;1;6;3;1;6;1;1;1;1;1;2;4;4;1;5
274;2021;3;3;2;3;3;3;2;3;3;3;2;3;2;3;2;2;2;2;3;3;2;3;3;3;3;3;3;3;4;3;3;1;1;1;1;1;1;7;2;2;4;1;1;1;1;1;2;2;2;2;3
275;2021;3;3;3;2;1;3;2;4;3;3;2;3;3;2;1;1;2;3;3;3;2;3;3;1;3;2;2;3;3;2;2;1;1;1;1;1;3;7;3;1;6;1;1;2;1;1;2;6;2;1;1
276;2021;3;3;3;2;1;3;3;4;3;3;3;3;3;4;3;3;2;3;3;2;2;3;4;2;3;3;3;3;3;3;3;1;1;1;1;1;1;7;1;1;6;1;1;1;1;1;2;3;3;2;3
277;2021;3;3;4;3;4;3;3;4;3;3;3;3;3;4;2;3;2;2;3;2;3;3;4;2;3;2;3;3;3;4;3;1;1;1;1;1;1;6;1;1;4;1;1;1;1;1;2;4;3;2;5
278;2021;4;4;4;4;4;4;4;4;4;4;4;4;4;4;3;5;3;5;2;4;4;4;5;4;4;4;6;6;6;7;6;5;4;6;6;6;6;6;6;6;6;6;5;6;6;6;2;2;2;1;4
279;2021;4;3;3;4;4;3;4;5;4;5;4;4;3;5;4;3;3;4;3;5;3;4;3;3;4;4;4;4;2;1;3;6;5;4;2;3;6;6;4;3;7;3;2;2;4;1;2;3;3;2;5
280;2021;4;3;4;4;3;4;4;3;4;4;3;3;4;2;3;4;3;4;4;3;4;3;4;3;2;3;4;2;4;3;5;6;3;5;3;2;6;7;5;4;4;3;2;4;1;1;1;1;2;1;1
281;2021;4;2;4;3;4;3;4;4;3;4;3;4;4;4;3;1;2;3;2;3;3;2;2;1;2;2;4;1;2;4;3;6;1;5;3;3;6;7;4;4;7;4;6;6;1;1;2;3;3;2;2
282;2021;4;3;4;3;4;2;2;3;3;5;4;5;3;3;4;2;1;3;2;4;3;4;3;3;2;4;5;4;2;1;3;6;4;3;6;6;5;7;4;3;7;7;3;6;2;3;2;4;4;2;5
283;2021;4;2;3;4;3;4;4;3;4;3;4;3;4;3;4;4;3;4;4;3;4;3;4;3;4;5;3;4;3;3;2;6;4;6;2;2;5;4;3;3;6;5;4;6;3;1;1;1;2;1;3
284;2021;4;3;4;3;4;4;3;4;5;4;3;4;3;4;3;4;3;4;3;3;4;3;4;3;4;5;4;3;5;3;1;4;4;5;4;3;6;4;4;2;6;3;1;1;3;1;1;1;2;1;3
285;2021;4;3;4;3;4;3;3;2;2;3;3;4;3;2;4;3;4;2;3;4;4;3;4;4;3;4;5;4;3;4;3;6;5;4;6;3;4;5;6;6;5;4;3;5;2;1;2;3;4;2;5
286;2021;5;4;3;4;3;4;3;4;3;4;4;3;4;4;3;4;4;3;4;3;2;2;3;3;4;3;5;4;3;3;1;5;4;6;4;3;6;5;5;4;3;5;6;5;3;1;2;2;3;1;2
287;2021;4;3;4;3;2;3;4;3;4;3;4;3;4;3;4;3;4;2;3;4;5;4;5;3;4;3;3;3;4;5;4;5;3;7;3;4;7;7;5;2;7;4;2;4;1;1;1;2;2;2;1
288;2021;4;3;3;3;3;3;3;4;3;3;3;4;3;4;3;3;3;3;4;4;3;3;4;2;3;3;3;3;3;2;3;1;1;1;1;1;3;6;3;1;4;1;1;1;1;1;2;3;3;2;4
289;2021;4;3;4;2;3;3;3;4;3;3;3;3;3;4;2;3;3;4;4;3;3;4;4;2;3;3;2;3;2;3;2;1;1;1;1;1;3;7;3;1;5;1;1;1;1;1;2;3;2;1;4
290;2021;3;4;3;3;4;3;3;4;3;3;4;3;3;4;4;3;3;3;4;3;3;4;3;2;3;4;2;3;2;2;3;1;1;1;1;1;1;7;4;1;4;1;1;1;1;1;2;3;3;1;3
291;2021;4;3;3;4;3;3;4;4;3;3;3;4;3;4;4;4;3;3;4;4;3;4;4;2;4;3;2;3;3;2;3;1;1;1;1;1;1;7;3;1;4;1;1;1;1;1;1;1;2;2;2
292;2021;4;3;4;5;4;4;4;5;4;5;4;4;4;5;4;4;3;4;4;4;3;4;5;4;3;4;2;1;2;1;1;1;1;1;1;1;1;7;3;1;1;1;1;1;1;1;2;2;2;2;6
293;2021;4;4;4;3;2;4;3;5;4;5;4;3;3;4;3;3;3;4;3;4;3;4;3;3;4;4;2;2;1;2;1;1;1;1;1;1;1;7;4;1;1;1;1;1;1;1;2;2;2;1;6
294;2021;4;4;3;4;3;3;4;4;3;3;3;4;4;3;4;3;3;3;4;3;4;3;3;2;4;4;2;2;1;2;2;1;1;1;1;1;1;7;4;2;2;1;1;1;1;1;1;1;2;2;2
295;2021;4;3;3;2;4;3;3;4;4;3;4;4;3;4;4;4;2;3;4;3;2;3;4;3;4;2;2;1;2;1;2;1;1;1;1;1;1;7;2;1;1;1;1;1;1;1;2;2;2;1;6
296;2021;4;3;4;3;4;3;3;4;3;3;3;4;4;4;3;4;2;3;3;4;2;3;4;3;3;3;2;3;2;1;2;1;1;1;1;1;1;6;4;1;4;1;2;2;1;1;2;2;2;2;4
297;2021;4;3;3;4;3;3;3;4;3;4;4;4;3;3;4;3;2;3;3;4;2;3;4;3;3;3;2;3;2;2;2;1;1;1;1;1;1;7;1;1;1;1;1;1;1;1;1;1;2;1;3
298;2021;4;3;4;3;4;3;3;5;4;4;3;4;3;3;3;3;2;3;3;3;2;3;4;3;4;3;2;3;2;2;2;1;1;1;1;1;1;7;1;1;4;1;1;1;1;1;2;2;2;1;4
299;2021;3;4;3;3;2;4;3;4;3;4;3;4;4;5;3;4;3;3;4;3;3;4;5;3;4;4;2;2;2;2;2;1;1;1;1;1;1;7;1;1;1;1;1;1;1;1;2;2;2;2;6
300;2021;3;3;3;3;4;3;3;4;4;4;3;4;4;4;4;4;3;5;3;4;2;4;4;3;4;3;2;2;2;2;2;1;1;1;1;1;1;7;1;1;4;1;1;2;1;1;1;6;1;2;2
301;2021;4;4;3;3;1;4;3;3;4;3;3;4;3;4;4;3;2;4;4;3;3;4;4;2;3;3;2;2;2;2;2;1;1;1;1;1;1;7;1;1;7;1;3;3;1;1;2;3;3;2;3
302;2021;2;3;2;2;1;2;2;4;2;3;2;2;2;4;2;2;1;2;2;2;1;2;3;1;2;1;4;4;4;3;3;1;1;2;1;2;3;6;1;1;4;1;1;1;1;1;1;6;2;1;1
303;2021;2;2;2;3;2;2;3;3;2;2;3;2;2;3;3;3;2;2;2;2;2;3;3;1;2;1;4;4;3;3;3;2;2;2;1;2;2;6;2;1;3;1;1;1;1;1;1;6;2;2;1
304;2021;5;4;4;4;3;4;4;4;4;4;4;3;4;5;3;4;3;4;4;5;4;4;5;3;4;3;1;1;1;1;1;1;1;1;1;1;1;7;2;1;1;1;1;1;1;1;2;2;2;1;6
305;2021;4;5;4;3;3;4;4;5;4;5;4;4;4;5;3;5;3;4;4;5;3;5;5;3;5;4;2;2;2;2;2;1;1;1;1;1;1;7;1;1;1;1;1;1;1;1;2;2;2;2;5
306;2021;4;3;2;3;4;3;2;3;4;2;3;4;3;3;2;3;3;4;3;1;4;4;3;2;4;5;4;5;4;5;1;6;5;7;2;1;5;6;4;4;4;3;2;2;1;;2;3;2;2;3
307;2021;4;3;3;2;3;4;4;4;3;1;1;5;3;2;4;3;3;4;1;4;4;1;5;3;4;2;5;5;4;3;3;3;6;7;4;6;7;7;5;4;7;3;1;6;4;1;1;1;2;2;2
308;2021;4;3;4;3;4;4;3;4;4;4;3;4;3;2;4;2;4;4;3;4;3;4;3;4;5;3;4;5;3;1;1;6;5;6;5;4;6;6;5;4;3;5;4;6;3;1;2;3;3;1;2
309;2021;4;3;4;3;4;4;3;4;3;4;4;3;3;4;3;4;3;4;3;4;5;5;1;5;4;2;3;2;1;4;5;6;;7;5;4;6;7;4;3;2;5;4;4;4;3;2;3;3;2;4
310;2021;4;3;2;5;5;5;4;3;4;5;3;5;5;4;4;3;5;3;5;4;5;3;4;3;4;4;4;3;4;2;1;7;6;6;5;4;7;6;5;4;7;3;2;5;1;1;2;3;3;2;5
311;2021;3;4;5;3;4;5;3;4;5;4;3;4;5;3;2;2;4;3;4;3;4;4;3;2;3;4;4;3;2;1;1;6;2;6;3;3;7;7;6;4;3;5;2;1;1;1;1;1;3;1;3
312;2021;5;4;3;4;3;4;4;3;5;4;5;3;3;4;5;4;3;4;3;4;5;5;4;3;4;3;4;3;1;1;2;7;2;5;2;3;7;6;4;2;7;5;2;2;2;1;1;1;2;1;2
313;2021;1;3;2;3;4;4;4;3;2;4;2;4;3;4;3;4;4;3;4;4;3;4;4;3;4;4;2;3;2;2;3;7;6;5;2;4;7;7;4;3;7;3;2;1;1;1;1;1;2;1;3
314;2021;3;4;4;3;4;2;3;4;5;3;3;5;4;5;4;3;4;3;2;4;5;4;3;4;5;5;4;5;4;4;3;6;2;4;3;3;5;6;4;2;5;4;6;7;1;1;2;4;4;1;5
315;2021;4;3;4;3;4;3;4;3;4;4;3;4;3;4;4;3;4;4;3;4;3;4;2;5;5;3;5;4;3;3;1;4;3;2;1;1;7;6;3;1;2;1;3;5;3;1;2;3;3;1;2
316;2021;4;2;3;4;3;3;4;3;4;4;3;4;4;3;2;3;4;3;4;3;1;4;4;3;4;3;3;3;1;2;1;2;5;4;3;2;4;1;2;1;4;5;3;2;2;2;2;4;3;1;4
317;2021;4;3;4;5;4;3;4;3;4;3;4;4;3;4;3;4;5;3;4;3;4;4;4;3;4;4;4;2;3;3;4;3;1;5;4;3;6;7;5;4;7;3;3;6;3;1;1;1;2;1;3
318;2021;4;3;4;3;4;4;3;4;4;5;3;4;5;3;4;5;3;5;4;3;4;5;4;3;4;3;4;2;1;2;3;3;2;4;2;2;6;6;4;2;1;1;3;4;3;1;2;4;4;1;5
319;2021;4;3;4;4;3;4;5;4;5;4;3;4;3;4;3;4;4;3;4;3;4;3;4;3;4;4;4;5;5;4;3;6;2;4;3;3;6;6;7;6;5;4;2;5;1;1;1;1;1;1;2
320;2021;4;5;4;3;4;3;4;5;4;5;3;4;5;3;4;5;3;4;5;3;4;5;3;4;3;3;4;3;3;2;1;6;3;5;3;2;5;5;2;2;6;3;2;2;1;1;1;1;1;2;2
321;2021;3;4;3;4;3;4;5;4;3;4;5;5;3;5;3;4;3;4;4;3;4;5;4;4;3;4;4;3;3;1;1;6;3;3;2;3;4;5;3;3;2;1;3;4;2;1;1;1;2;1;1
322;2021;3;4;3;4;4;3;4;3;2;4;3;4;3;3;1;4;2;1;2;3;2;1;3;4;3;4;4;3;2;1;2;6;5;5;4;3;6;5;4;3;7;3;2;2;1;1;2;3;3;1;3
323;2021;4;3;5;4;5;4;3;5;3;4;3;4;5;3;4;3;5;3;4;3;2;4;3;4;4;3;2;3;4;3;3;3;1;3;2;4;5;6;4;4;7;3;5;6;3;1;2;3;3;2;4
324;2021;4;3;1;4;3;4;3;4;4;3;4;3;2;3;1;3;4;3;2;3;4;3;3;4;1;4;4;3;1;2;2;5;2;4;3;2;6;6;;4;7;3;2;4;3;1;2;3;3;2;4
325;2021;4;3;4;3;4;4;3;3;3;4;2;4;4;3;2;4;3;1;4;4;3;4;3;4;2;4;4;3;1;5;2;2;2;4;3;2;5;7;5;4;6;2;3;4;2;1;1;1;2;1;4
326;2021;4;3;2;2;3;4;3;3;2;4;2;4;3;4;4;3;4;4;3;3;4;4;4;3;3;4;4;3;2;1;2;6;3;4;3;3;5;7;4;4;5;3;3;5;3;1;2;3;3;1;4
327;2021;3;4;5;4;3;4;3;4;3;4;4;3;4;4;3;4;3;4;5;4;3;4;4;3;4;4;4;3;1;3;2;7;6;5;4;2;6;5;5;3;6;4;3;5;2;1;1;1;1;1;2
328;2021;4;3;4;3;4;4;3;4;3;4;4;3;2;3;4;3;4;4;3;4;4;3;4;2;3;4;4;2;5;4;3;6;2;3;1;2;4;6;3;3;1;3;2;4;1;1;1;1;3;2;4
329;2021;3;4;3;4;2;4;4;3;4;3;4;3;4;4;3;4;3;4;4;3;4;3;4;4;3;4;5;4;3;3;2;3;1;1;2;1;4;5;3;4;6;6;5;7;1;1;2;4;4;2;5
330;2021;4;4;3;4;4;4;3;4;4;4;4;4;4;4;4;4;4;4;4;4;4;4;4;4;4;4;2;2;2;2;1;1;1;1;1;1;2;7;1;1;2;1;1;1;1;1;2;2;2;2;4
331;2021;3;3;3;4;4;4;4;4;3;3;3;3;3;3;3;4;4;4;4;4;4;4;4;3;3;4;2;2;2;2;3;1;1;1;1;1;1;7;1;1;4;1;1;1;1;1;2;3;2;1;3
332;2021;4;4;3;4;4;4;4;4;4;4;4;4;4;4;3;3;3;4;4;4;4;4;4;3;4;5;2;2;2;2;2;1;1;1;1;1;1;7;1;1;1;1;1;1;1;1;2;2;2;2;6
333;2021;3;4;4;3;4;4;4;4;4;3;4;4;4;4;4;4;4;4;4;3;3;3;4;4;4;3;1;2;2;2;3;1;1;1;1;1;1;7;1;1;1;1;1;1;1;1;2;3;3;1;6
334;2021;4;4;4;4;4;4;4;5;4;4;4;4;4;4;4;4;4;4;4;4;4;4;4;4;4;4;1;1;1;1;1;1;1;1;1;1;1;7;1;1;1;1;1;1;1;1;2;3;3;1;5
335;2021;4;4;4;3;4;4;4;4;4;4;4;4;4;3;4;4;3;3;3;3;3;4;4;3;4;4;1;2;1;1;1;1;1;1;1;1;1;6;2;1;2;1;1;1;1;1;2;2;2;1;5
336;2021;3;4;4;4;4;4;3;4;4;4;3;4;4;3;4;4;4;4;4;4;2;4;4;2;4;4;1;1;1;1;1;1;1;1;1;1;1;7;1;1;1;1;1;1;1;1;2;2;2;2;6
337;2021;4;4;4;4;4;4;3;4;4;4;4;4;4;4;3;3;2;4;3;4;2;3;4;4;4;4;1;1;2;2;3;1;1;1;1;1;1;7;1;1;1;1;1;1;1;1;2;3;3;1;6
338;2021;4;4;3;4;4;4;3;4;4;3;3;4;3;3;4;3;2;3;4;3;4;3;4;2;3;4;1;1;1;2;1;1;1;1;1;1;1;7;1;1;1;1;1;1;1;1;2;3;2;1;6
339;2021;4;4;4;3;4;4;3;3;3;3;4;3;3;4;3;3;2;4;4;4;3;4;4;4;3;4;1;2;2;1;1;1;1;1;1;1;1;7;1;1;1;1;1;1;1;1;2;4;3;2;6
340;2021;3;4;4;5;3;4;3;4;4;4;3;4;4;3;3;3;3;4;4;4;2;3;3;3;3;4;2;2;1;1;1;1;1;1;1;1;1;7;1;1;1;1;1;1;1;1;2;3;2;2;5
341;2021;4;4;4;3;4;4;3;4;3;4;3;4;4;4;4;4;2;3;3;4;2;3;5;2;3;3;1;2;2;1;1;1;1;1;1;1;1;7;1;1;1;1;1;1;1;1;2;3;3;1;5
342;2021;4;4;4;4;5;4;3;4;4;4;4;4;4;4;4;4;4;4;4;4;4;3;4;2;4;4;2;2;2;2;2;1;1;1;1;1;1;7;1;1;1;1;1;1;1;1;2;5;4;1;5
343;2021;3;3;3;4;4;4;4;4;4;4;4;4;3;4;4;4;2;4;4;4;2;3;5;4;3;3;2;1;2;2;2;1;1;1;1;1;1;7;1;1;1;1;1;1;1;1;2;3;3;2;5
344;2021;4;4;4;4;4;5;3;4;4;4;4;4;4;4;5;5;4;4;4;4;4;4;4;2;4;5;1;2;1;1;2;1;1;1;1;1;1;7;1;1;1;1;1;1;1;1;2;2;2;1;5
345;2021;3;4;4;5;4;4;4;4;4;4;4;4;4;5;5;4;1;4;3;3;3;3;4;1;4;4;1;1;3;1;2;1;1;1;1;1;1;6;2;1;2;1;1;1;1;1;2;2;2;2;4
346;2021;4;4;4;3;3;4;3;5;4;4;4;4;4;5;4;4;2;4;4;4;2;3;4;2;4;4;1;1;1;2;1;1;1;1;1;1;1;7;2;1;1;1;1;1;1;1;2;3;3;2;5
347;2021;4;4;4;4;4;4;3;5;3;4;4;4;4;3;4;4;4;4;4;5;2;4;5;2;4;4;1;2;1;1;1;1;1;1;1;1;1;7;1;2;1;1;1;1;1;1;2;5;4;1;5
348;2021;4;5;5;4;5;4;5;5;4;4;4;4;4;4;4;4;4;4;4;4;3;4;4;4;4;4;1;3;2;2;3;1;1;1;1;1;1;7;1;1;1;1;1;1;1;1;2;4;3;2;5
349;2021;4;4;4;3;4;3;4;3;4;4;4;4;4;3;4;4;2;3;4;4;2;4;4;2;4;4;1;2;2;2;2;1;1;1;1;1;1;7;1;1;1;1;1;1;1;1;2;5;4;1;6
350;2021;4;4;3;3;4;4;4;3;4;3;4;4;4;4;4;4;2;4;4;4;2;4;5;2;3;4;2;2;2;2;2;1;1;1;1;1;1;7;1;1;1;1;1;1;1;;2;2;2;1;5
351;2021;4;4;4;3;4;3;4;4;4;4;4;4;4;4;4;3;2;4;4;4;2;4;5;2;4;4;2;2;2;2;2;1;1;1;1;1;1;7;1;1;1;1;1;1;1;1;2;3;3;2;5
352;2021;3;4;4;3;4;4;4;5;4;4;4;3;4;5;4;4;2;3;4;4;2;4;4;2;3;4;2;1;3;2;1;1;1;1;1;1;1;7;1;1;1;1;1;1;1;1;2;4;4;2;6
353;2021;3;4;4;4;5;5;4;4;4;4;4;4;3;4;4;4;2;3;4;4;2;4;4;2;4;3;2;1;2;2;1;1;1;1;1;1;1;7;1;1;3;1;1;2;1;1;2;5;4;1;6
354;2021;4;4;3;3;4;5;4;5;4;4;4;4;4;4;4;3;3;4;4;4;3;4;4;2;4;4;1;1;2;2;2;1;1;3;1;1;4;7;3;1;4;1;1;1;1;1;1;1;2;2;3
355;2021;3;4;3;3;4;4;4;4;3;4;3;4;4;2;4;3;3;4;4;4;2;4;3;3;4;1;1;2;2;2;1;1;1;2;1;1;4;7;4;1;5;1;2;2;1;1;1;6;2;1;3
356;2021;4;4;4;4;4;4;3;4;4;4;3;4;4;4;4;4;2;3;3;3;2;4;3;4;4;4;1;2;1;1;1;1;2;4;1;4;4;6;3;2;4;1;1;1;1;1;2;1;3;2;3
357;2021;4;3;4;3;4;4;3;3;4;4;4;4;3;2;3;3;2;3;3;4;2;3;4;3;3;3;1;2;2;2;2;2;1;3;2;4;5;7;2;1;4;1;1;1;1;1;2;4;2;1;3
358;2021;4;4;4;4;3;3;4;4;4;3;3;4;4;5;3;3;2;3;3;3;2;4;4;2;4;4;1;1;1;2;1;1;2;3;2;1;4;7;3;1;6;1;2;3;1;1;2;2;2;1;2
359;2021;4;3;3;3;4;3;3;4;3;4;3;3;4;3;4;4;2;4;4;3;2;3;2;3;3;3;2;2;2;2;2;2;2;2;2;3;4;6;3;1;4;1;1;2;1;1;2;2;2;2;2
360;2021;3;4;3;3;3;4;3;3;3;3;3;3;3;4;3;3;3;3;4;4;2;3;5;2;3;2;2;3;3;2;1;1;1;2;1;1;3;7;3;1;3;1;1;1;1;1;2;3;3;1;3
361;2021;4;4;3;4;3;4;4;2;3;5;4;4;4;4;4;4;2;2;5;3;2;3;2;3;3;4;1;2;2;2;2;1;1;1;1;1;2;6;2;1;4;1;1;1;1;1;1;6;2;2;2
362;2021;4;4;3;3;4;3;3;3;4;3;3;3;3;4;4;3;1;3;3;3;1;3;5;2;4;3;3;3;2;2;1;1;1;1;1;3;4;6;3;1;4;1;1;1;1;1;1;6;2;2;3
363;2021;3;4;3;4;4;3;2;5;3;5;3;4;4;5;4;4;2;3;3;2;2;3;5;2;3;3;1;1;2;2;2;1;1;1;1;1;3;6;2;1;4;1;1;1;1;1;2;6;2;1;3
364;2021;3;4;4;4;4;3;4;5;3;5;4;3;2;5;4;4;2;3;4;3;2;2;5;2;3;4;1;2;2;2;2;1;1;1;1;1;4;7;1;1;4;1;1;1;1;1;2;4;4;1;6
365;2021;4;4;3;4;4;3;4;5;4;5;5;3;4;5;4;4;2;4;3;4;2;3;5;2;5;3;1;2;2;2;2;1;1;1;1;1;4;6;1;2;4;1;1;1;1;1;2;2;2;2;4
366;2021;4;4;3;4;4;4;3;4;3;4;4;4;4;4;3;4;2;4;4;4;2;4;5;1;4;5;1;1;1;2;1;1;1;1;1;3;4;7;4;1;5;1;1;1;1;1;2;2;2;2;2
367;2021;4;4;3;4;4;4;4;3;4;4;3;4;4;5;4;4;2;3;4;4;2;4;4;3;4;5;2;2;2;1;2;1;1;1;1;1;2;6;1;1;6;2;1;1;1;1;2;3;3;1;3
368;2021;4;4;3;4;4;3;4;5;4;4;4;4;4;5;4;4;2;4;4;4;3;4;5;3;4;4;2;2;2;2;2;1;1;2;1;3;3;6;3;1;4;1;1;1;1;1;2;2;3;2;3
369;2021;4;4;4;4;4;4;4;4;4;4;4;4;4;5;5;4;2;4;3;4;2;3;2;2;3;3;2;2;2;2;2;1;1;3;1;3;3;6;3;1;6;1;1;1;1;1;2;4;3;1;3
370;2021;4;5;2;3;3;4;4;4;4;4;3;4;3;4;4;4;2;4;4;4;2;4;4;2;4;4;2;2;2;2;2;1;1;1;1;2;4;7;4;1;5;2;2;1;1;1;2;3;3;2;3
371;2021;2;2;4;4;4;4;4;4;3;4;3;4;4;5;4;4;2;4;4;4;2;4;5;2;3;3;2;2;2;2;2;1;1;2;1;4;3;7;3;1;4;1;1;1;1;1;1;1;1;1;2
372;2021;4;4;4;4;4;4;4;4;4;3;3;4;3;5;4;4;2;3;4;4;2;3;4;2;4;3;2;2;3;2;1;1;1;1;1;3;1;7;1;1;4;1;1;1;1;1;2;3;3;2;2
373;2021;3;4;4;3;4;4;3;4;4;4;4;4;4;5;4;4;2;4;4;4;2;3;3;3;4;3;2;2;3;2;1;1;1;1;1;3;4;7;2;1;5;1;1;1;1;1;2;3;3;2;3
374;2021;3;4;4;3;4;4;4;4;3;3;4;4;4;5;4;4;2;4;4;4;2;4;4;4;4;4;2;2;2;2;2;1;1;1;1;2;3;7;3;1;3;1;1;2;1;1;2;4;3;1;3
375;2021;4;3;4;4;3;3;3;3;4;4;3;3;3;2;3;4;2;3;3;4;2;3;5;2;4;4;2;1;3;2;1;1;1;2;1;4;4;7;3;1;4;1;1;2;1;1;2;2;2;2;3
376;2021;4;5;4;4;4;4;4;4;4;4;3;4;4;3;4;4;2;4;4;4;2;4;5;2;3;4;2;2;2;2;2;1;1;2;1;2;4;7;3;1;4;1;1;2;1;1;2;2;3;1;3
377;2021;4;4;3;4;4;4;4;3;4;4;4;4;4;3;4;4;3;4;4;4;3;4;5;3;4;4;2;2;2;2;2;2;2;2;1;3;3;7;3;1;4;1;1;2;1;1;2;2;2;2;2
378;2021;4;3;3;3;4;4;3;3;4;4;3;3;3;4;3;4;3;4;4;4;4;4;4;2;3;4;2;2;2;2;2;2;3;3;1;3;3;7;4;1;4;1;1;2;1;1;2;2;2;1;2
379;2021;4;4;4;3;4;4;4;4;4;4;4;4;4;3;5;4;3;4;4;4;3;4;4;3;4;4;2;2;2;2;2;3;2;3;1;3;4;7;2;1;3;1;1;1;1;1;2;2;3;2;3
380;2021;4;4;4;4;4;4;4;4;4;4;4;4;4;3;4;4;3;3;4;4;3;4;4;2;3;3;2;2;2;2;2;2;1;1;1;1;3;7;3;1;3;1;1;1;1;1;1;6;2;2;2
381;2021;4;4;4;4;4;4;4;4;4;4;4;4;4;3;4;4;3;4;4;4;3;4;4;3;4;4;2;2;2;2;2;2;1;3;1;3;4;6;3;1;4;1;1;1;1;1;2;2;2;2;3
382;2021;4;4;4;4;3;4;4;4;3;4;4;4;4;3;4;4;3;3;4;4;3;4;3;2;4;3;2;2;2;2;2;2;1;3;1;3;3;7;2;1;4;1;1;2;2;2;2;2;2;2;2
383;2021;4;4;4;3;4;4;4;4;4;4;3;4;4;3;4;4;3;4;4;4;2;4;4;4;4;4;2;2;2;2;2;1;1;1;1;1;2;7;1;1;4;1;1;1;1;1;2;4;3;2;2
384;2021;4;4;4;4;4;3;4;3;4;4;3;4;4;3;4;4;2;3;4;4;2;4;4;2;4;3;2;2;2;2;2;1;1;2;1;3;3;6;4;1;5;1;1;2;1;1;2;3;3;1;3
385;2021;3;4;4;4;4;4;4;4;4;4;4;4;4;3;4;4;3;4;4;4;3;4;4;3;4;4;2;2;2;2;2;1;1;2;1;2;4;6;2;1;4;1;1;1;1;1;2;2;2;2;3
386;2021;4;4;4;4;3;3;3;4;3;3;4;4;4;4;3;4;3;4;4;3;3;4;4;3;4;4;2;2;2;2;2;1;1;1;1;3;3;6;3;2;5;1;1;1;1;1;2;2;2;1;2
387;2021;4;5;4;4;4;4;4;3;4;3;4;4;4;5;4;3;3;3;3;4;2;4;4;2;3;4;1;2;1;1;2;1;1;1;1;1;1;7;4;3;2;1;1;1;1;1;2;5;4;1;6
388;2021;4;4;3;4;4;3;4;3;4;5;2;4;4;3;4;3;2;4;3;1;4;3;5;1;2;4;5;4;3;4;1;4;1;1;1;;5;4;5;3;6;2;2;4;1;1;1;1;1;1;1
389;2021;4;4;3;4;3;3;4;4;4;3;4;4;4;5;4;4;2;4;4;4;2;4;5;4;4;4;2;2;2;2;2;1;1;1;1;1;1;7;4;1;5;1;1;3;1;1;1;6;2;2;2
390;2021;4;4;4;3;4;3;3;3;4;3;4;4;3;4;4;3;2;3;3;3;2;3;5;2;4;3;2;3;2;2;2;1;1;1;1;2;2;5;2;1;4;2;2;2;1;1;1;6;2;2;2
391;2021;4;4;4;4;2;4;3;5;3;3;2;2;2;4;2;2;1;3;2;2;1;2;5;1;3;2;3;2;2;2;1;2;1;4;1;4;4;6;2;1;6;2;1;4;1;1;2;2;2;2;3
392;2021;3;5;4;3;3;3;2;5;3;4;3;2;3;5;3;2;1;4;3;2;1;3;5;2;2;3;3;3;2;2;2;3;1;3;1;4;4;6;3;1;5;1;2;2;1;1;2;3;3;1;3
393;2021;3;3;4;4;4;3;3;4;4;5;3;4;4;5;4;4;2;4;4;4;2;4;2;2;2;2;2;2;2;2;2;2;1;2;1;4;4;6;1;1;6;1;1;3;1;1;2;3;2;2;3
394;2021;4;4;3;4;3;4;4;5;3;5;3;3;3;4;4;3;2;3;3;3;2;3;5;2;3;3;2;2;2;1;2;1;1;1;1;1;1;7;3;2;2;2;1;1;1;1;2;3;2;2;4
395;2021;3;5;3;4;3;3;4;5;3;5;4;4;4;5;3;2;2;3;3;3;2;4;5;1;2;3;3;2;2;2;1;1;1;1;1;1;1;6;3;3;2;2;1;2;1;1;2;3;3;1;4
396;2021;3;4;3;4;4;4;3;4;3;4;4;4;4;5;3;2;2;2;3;2;2;3;5;1;2;3;2;3;3;2;2;1;1;1;1;1;1;5;1;3;3;2;1;1;1;1;2;3;2;2;4
397;2021;3;4;3;3;4;3;4;5;3;3;4;4;3;5;3;2;2;2;4;2;2;2;5;1;2;3;3;2;3;2;2;1;1;1;1;1;1;6;1;3;3;1;1;1;1;1;2;3;2;1;4
398;2021;4;5;3;3;1;4;3;5;3;5;3;3;2;5;2;2;2;4;3;4;2;4;5;1;3;2;2;2;2;3;2;1;1;1;1;1;1;7;4;4;4;2;1;1;1;1;2;3;2;1;6
399;2021;4;4;4;4;1;3;2;5;3;5;2;3;3;5;2;2;1;4;3;4;1;4;5;1;2;2;2;2;2;2;2;1;3;1;1;1;1;5;2;2;5;1;3;3;1;3;2;5;4;1;5
400;2021;4;4;4;3;4;3;3;4;4;4;3;3;4;4;4;4;4;4;4;4;2;4;5;2;3;3;2;2;2;2;2;1;1;1;1;1;1;7;1;1;3;1;1;1;1;1;2;2;2;1;4
401;2021;4;4;4;3;3;4;3;4;4;3;4;4;4;3;4;4;3;3;3;4;3;4;5;3;4;3;2;2;2;1;2;1;1;1;1;1;1;7;1;1;3;1;1;1;1;;2;3;3;1;4
402;2021;3;4;4;3;4;4;3;3;3;4;4;3;3;4;4;3;2;4;4;4;3;4;4;2;4;4;2;2;2;2;2;1;1;1;1;1;1;7;1;1;4;1;1;1;1;1;2;2;2;2;4
403;2021;3;4;4;3;3;4;4;3;4;5;4;3;4;5;3;4;3;4;4;4;4;4;5;2;3;4;2;2;2;2;2;1;1;1;1;1;1;7;1;1;4;1;1;1;1;1;2;3;3;1;4
404;2021;4;4;3;3;3;3;3;4;4;4;4;4;4;5;3;4;2;4;4;4;2;3;4;2;4;3;2;2;2;2;2;1;1;1;1;1;1;7;4;1;5;1;1;1;1;1;2;3;3;2;4
405;2021;3;3;4;3;4;4;4;4;4;4;3;3;4;4;3;4;3;3;3;3;3;3;4;4;3;4;2;2;2;2;2;1;1;1;1;1;1;6;3;1;4;1;1;2;1;1;1;6;2;1;3
406;2021;4;4;4;4;3;4;3;4;4;3;3;3;4;4;3;4;2;3;4;3;2;3;5;3;3;3;2;2;2;2;2;1;1;4;1;3;3;6;4;1;6;1;1;1;1;1;2;5;4;1;6
407;2021;4;4;4;4;3;4;3;4;4;3;3;4;4;5;4;2;2;3;3;4;2;4;5;1;3;3;2;2;3;3;2;1;1;1;1;1;1;6;1;1;6;1;1;1;1;1;2;3;2;2;3
408;2021;4;5;3;3;3;2;4;5;3;5;3;3;4;4;3;2;3;5;3;4;3;3;5;5;4;3;2;1;1;1;2;1;1;1;5;2;1;4;1;4;4;4;4;1;1;5;2;3;4;2;4
409;2021;3;2;1;1;1;1;1;1;1;4;1;1;1;1;1;1;1;1;1;1;1;2;3;4;3;1;5;4;4;4;4;2;2;2;2;2;2;2;2;2;2;2;2;2;2;6;2;5;3;1;3
410;2021;1;5;5;1;4;1;4;4;1;2;2;4;4;5;4;4;2;4;1;4;2;5;5;4;4;4;1;1;1;1;1;1;1;1;5;1;5;6;6;6;2;4;3;6;3;7;2;3;4;1;4
411;2022;2;4;3;2;3;2;2;2;2;4;3;2;2;4;2;3;2;4;3;2;3;4;4;3;2;2;3;3;3;3;3;1;1;1;1;1;1;2;2;2;3;3;3;3;3;4;2;5;3;2;4
412;2022;4;4;2;4;4;2;4;4;3;4;4;3;4;4;2;3;2;4;3;3;2;3;4;3;4;2;3;3;3;3;3;1;1;6;7;2;4;6;3;5;7;4;4;3;3;1;2;2;3;1;3
413;2022;5;5;5;5;2;1;4;4;1;4;2;4;4;5;4;4;4;4;2;4;2;3;4;4;3;3;4;2;2;2;2;;;;;;;;1;;1;;1;1;;1;2;5;3;2;3
414;2022;4;4;2;2;2;2;2;5;2;5;2;2;3;5;1;1;1;5;1;1;1;1;5;4;3;3;4;2;2;2;2;1;1;2;1;4;2;5;4;1;7;6;6;6;4;4;2;5;4;1;2
415;2022;5;5;5;2;3;1;3;5;3;5;3;4;3;5;3;4;1;3;4;3;2;3;5;4;3;3;2;2;2;2;2;2;1;1;1;1;1;4;1;1;3;;4;4;1;5;2;5;4;2;3
416;2022;5;4;4;4;3;3;4;5;3;5;4;4;5;4;4;3;4;4;3;4;3;4;5;5;4;3;3;2;4;3;2;5;3;4;4;5;4;5;3;4;5;3;2;3;2;3;1;1;3;1;4
417;2022;2;2;2;2;1;1;1;3;2;4;1;1;2;3;1;1;1;2;2;1;2;1;3;1;1;1;4;3;3;3;6;1;1;1;1;1;4;5;3;1;4;1;1;1;1;1;2;2;2;2;3
418;2022;3;4;3;3;1;2;2;4;2;4;2;2;3;4;2;2;3;3;2;3;3;2;4;2;3;1;2;2;2;2;3;3;1;3;1;1;3;6;3;1;6;1;1;1;1;1;2;3;3;2;3
419;2022;3;4;2;3;1;2;2;4;2;4;3;2;3;4;2;2;2;3;2;2;2;2;4;1;2;1;3;3;3;3;3;1;1;1;1;1;3;5;2;1;5;1;2;2;1;1;2;4;4;2;4
420;2022;3;3;2;2;1;2;2;4;2;3;2;2;3;3;2;2;2;2;2;2;2;3;3;1;2;1;4;4;4;4;4;1;1;1;1;1;1;6;3;1;6;1;1;1;1;1;2;4;3;1;4
421;2022;2;3;2;2;1;1;2;3;2;3;3;2;3;2;1;2;2;2;2;2;2;1;3;1;2;1;5;5;5;5;5;1;1;1;1;1;1;7;4;1;1;1;1;1;1;1;1;1;1;2;2
422;2022;2;3;3;3;3;2;3;2;3;4;2;1;2;3;2;3;2;1;2;2;2;2;3;2;2;1;3;3;3;3;3;2;1;2;1;1;2;6;2;1;2;1;1;1;1;1;1;1;2;2;2
423;2022;4;4;4;4;4;4;3;5;3;5;4;3;4;5;3;4;4;4;4;4;4;4;5;3;4;3;1;1;1;1;1;1;1;1;1;1;1;7;4;2;1;1;1;1;1;1;1;1;2;2;6
424;2022;4;4;4;4;3;3;3;5;4;5;4;3;3;5;3;4;4;4;4;4;4;5;5;3;4;3;1;1;1;1;1;1;1;1;1;1;1;7;3;3;1;1;1;1;1;1;1;1;2;1;6
425;2022;4;4;4;3;2;3;3;5;4;5;4;3;4;5;3;4;4;5;4;4;4;5;5;3;4;3;2;2;2;1;2;1;1;1;1;1;1;7;3;1;3;1;1;1;1;1;2;2;2;1;5
426;2022;2;2;2;2;1;2;2;3;2;3;2;2;2;3;1;1;2;2;2;1;2;1;3;1;2;1;4;4;4;5;4;1;1;1;1;1;4;6;2;1;3;1;1;1;1;1;2;2;2;1;3
427;2022;2;3;1;2;1;2;1;4;2;3;3;2;3;3;2;2;2;3;2;2;2;2;3;2;3;2;4;4;4;4;4;1;1;1;1;1;1;6;1;1;4;1;1;1;1;1;2;3;2;1;3
428;2022;2;3;3;2;1;2;2;3;2;3;2;2;3;3;2;2;2;2;2;2;2;2;3;1;3;2;4;4;4;4;4;1;7;1;1;1;1;7;1;1;4;1;1;1;1;1;2;2;2;1;4
429;2022;4;4;3;4;2;4;3;4;4;4;4;3;4;4;2;4;3;4;4;4;4;4;5;3;3;2;2;2;2;2;2;1;1;1;1;1;1;7;3;1;3;1;1;1;1;1;1;1;2;1;5
430;2022;2;2;3;3;1;2;2;3;3;3;3;2;3;3;2;2;2;3;2;2;2;2;3;1;3;2;4;4;4;4;4;3;1;3;1;1;3;6;3;1;3;1;1;1;1;1;2;2;2;2;2
431;2022;2;4;3;3;1;3;2;3;3;4;3;2;3;4;2;3;3;4;3;3;3;3;4;1;3;2;4;4;4;3;3;1;1;1;1;1;1;7;3;1;4;1;1;1;1;1;1;1;2;1;2
432;2022;2;3;2;2;1;3;2;3;3;4;3;2;2;3;2;2;3;3;3;3;2;3;3;1;3;2;4;4;4;4;4;7;1;1;1;1;1;7;1;1;1;1;1;1;1;1;2;2;3;1;3
433;2022;4;3;4;4;1;3;4;4;3;5;3;2;2;5;2;5;4;4;4;5;3;4;5;5;3;2;1;2;3;3;3;2;2;3;3;3;4;6;3;4;5;3;2;2;1;2;1;2;2;1;3
434;2022;3;4;3;3;3;2;2;4;2;4;4;2;4;3;2;2;2;2;2;2;4;3;3;4;4;2;5;3;3;3;3;1;1;1;1;1;4;2;3;1;3;1;4;4;4;5;2;3;4;1;4
435;2022;5;5;5;3;5;3;5;5;3;5;3;5;5;5;5;5;5;5;3;5;4;5;5;5;3;5;1;1;1;1;1;;;;;;6;6;;6;6;6;6;;;6;1;2;4;1;3
436;2022;4;4;4;3;4;4;4;5;3;5;3;3;4;4;3;4;3;3;3;4;4;4;4;4;4;3;5;2;2;2;2;;;;;;;7;7;;7;;7;7;;7;2;5;4;1;5
437;2022;4;4;2;2;5;2;3;4;3;4;4;4;4;4;2;2;2;4;3;2;3;2;4;4;4;2;3;2;3;3;3;1;1;4;1;1;7;7;1;3;7;3;5;5;1;5;2;5;4;2;3
438;2022;3;4;4;3;5;5;5;2;2;4;3;5;3;5;1;4;4;5;4;4;5;2;5;5;3;1;2;2;2;2;2;1;1;1;1;1;5;6;1;1;7;1;7;1;1;1;2;3;3;1;2
439;2022;5;4;3;3;2;2;5;5;2;4;5;4;5;5;2;4;2;4;4;3;2;3;4;4;4;2;3;1;3;1;2;4;1;4;1;6;6;7;3;2;6;2;3;3;3;2;2;5;4;1;3
440;2022;3;4;3;4;2;2;2;3;3;3;3;3;3;4;2;1;1;3;3;4;2;3;4;3;4;2;5;3;3;3;5;1;1;3;3;3;3;6;6;6;6;4;4;4;4;4;2;4;4;1;3
441;2022;5;5;5;1;5;1;5;5;2;5;2;4;2;5;5;1;1;5;1;2;1;2;5;5;3;4;3;1;1;1;1;3;1;1;1;1;1;5;6;5;6;3;1;1;1;6;2;5;4;1;3
442;2022;4;5;5;2;4;2;4;2;2;2;2;4;2;4;3;3;1;4;3;3;2;3;4;4;3;4;3;2;3;2;2;3;3;2;2;2;2;7;7;7;6;6;4;5;2;7;1;2;3;1;3
443;2022;3;5;3;3;4;3;3;5;3;4;4;4;5;5;1;3;5;5;3;5;5;5;5;5;4;2;6;1;1;1;2;1;1;4;1;1;1;5;5;5;5;1;2;7;1;7;2;5;3;1;5
444;2022;4;4;3;3;4;2;2;3;2;5;4;3;4;4;3;2;2;4;4;4;4;3;4;2;2;4;3;2;2;2;3;3;3;3;4;3;3;5;2;2;4;4;3;2;1;3;2;4;4;2;3
445;2022;5;5;5;2;5;2;4;4;3;3;3;4;3;5;4;2;2;4;4;4;4;4;5;4;2;4;2;2;2;2;2;2;2;2;1;2;4;4;1;1;4;1;4;4;1;5;2;5;4;1;4
446;2022;4;5;2;3;4;3;4;4;3;5;3;4;3;5;1;1;3;4;3;4;3;4;4;4;3;1;3;3;2;2;2;4;1;4;5;1;1;7;7;4;7;1;7;6;1;5;2;5;4;1;4
447;2022;4;5;4;5;4;4;4;5;4;5;4;4;5;5;2;4;4;5;4;4;4;5;5;5;4;2;2;1;1;1;1;4;;;;;2;6;4;6;6;4;4;;1;3;2;5;4;1;6
448;2022;5;5;4;3;5;1;4;3;1;5;5;4;4;5;2;3;5;5;2;4;5;4;5;5;4;2;3;2;3;3;3;2;2;4;1;1;1;5;6;6;4;1;6;3;1;7;2;4;4;2;4
449;2022;4;3;1;4;2;1;1;5;1;4;4;3;4;3;2;3;3;3;3;2;2;3;3;3;4;1;3;3;3;3;3;2;2;2;2;2;4;4;4;4;5;;4;5;3;5;1;3;4;1;3
450;2022;2;3;3;3;2;3;2;3;3;2;4;3;3;2;3;3;2;4;3;2;3;3;2;3;2;2;3;4;4;3;4;4;2;5;3;4;5;6;4;2;2;2;2;1;1;1;1;1;2;1;2
451;2022;4;3;3;3;2;2;2;2;4;4;3;4;4;4;3;3;4;3;2;3;3;4;3;4;2;4;4;4;3;5;3;3;2;3;2;4;5;6;3;3;5;3;4;5;3;1;2;4;3;1;4
452;2022;4;3;4;2;3;1;2;3;3;5;5;3;2;2;3;4;2;3;4;4;4;4;4;3;2;4;4;5;4;5;5;2;;1;1;3;5;7;3;3;2;2;1;1;1;1;2;4;3;1;3
453;2022;4;3;3;2;3;4;3;4;3;4;3;3;4;4;3;4;3;3;4;5;5;4;4;4;3;4;4;5;6;7;6;3;2;1;1;1;4;5;2;1;4;4;3;6;3;1;1;1;2;1;2
454;2022;4;3;3;4;3;4;4;3;4;3;4;4;3;4;3;4;3;4;4;3;4;3;4;3;4;4;4;5;5;4;6;4;1;2;2;2;5;3;2;2;2;3;2;2;2;1;1;2;3;1;3
455;2022;3;2;4;4;3;4;3;4;4;3;4;3;3;2;4;4;5;4;4;5;4;3;4;3;4;4;4;5;5;4;5;2;1;1;1;2;5;7;3;2;1;2;1;1;2;1;1;3;3;2;3
456;2022;4;3;3;3;4;4;3;4;4;3;4;3;4;3;4;3;3;4;4;4;3;4;3;4;4;4;6;5;6;5;5;2;1;1;1;2;3;2;2;2;1;2;2;1;1;1;2;2;2;1;4
457;2022;3;3;3;2;3;2;2;3;2;4;3;4;3;4;3;4;4;3;4;4;4;4;3;4;2;4;5;3;6;4;3;3;2;2;1;2;6;5;2;2;1;1;1;1;1;1;1;2;2;1;4
458;2022;4;3;2;4;3;2;3;4;2;4;3;3;3;4;3;3;4;4;3;3;4;3;3;4;3;4;4;3;5;3;5;3;2;1;1;3;5;3;3;2;2;3;2;1;1;1;1;1;2;1;2
459;2022;4;3;4;3;3;4;4;3;3;4;4;4;3;4;3;3;3;4;3;3;2;4;4;4;4;3;5;6;6;6;5;3;2;2;2;3;5;6;2;3;2;2;1;1;1;1;2;3;3;1;4
460;2022;2;3;1;2;3;1;2;3;2;2;1;1;2;3;3;4;3;3;2;2;3;2;3;4;3;4;3;4;3;2;4;3;2;2;2;1;3;5;2;1;2;3;1;1;1;1;1;1;1;1;1
461;2022;3;4;3;4;3;1;2;1;3;4;2;1;2;2;3;2;3;4;4;3;3;4;4;2;2;3;4;5;4;5;4;3;2;1;3;4;7;7;3;5;4;2;1;1;1;2;1;1;2;1;5
462;2022;3;2;3;2;4;2;4;3;2;4;3;4;3;2;3;3;4;3;2;2;1;1;1;1;2;2;4;3;3;2;2;2;3;2;2;1;6;6;2;2;2;2;1;1;1;1;2;3;3;2;4
463;2022;3;2;2;3;2;2;3;2;2;3;2;4;4;4;3;3;3;3;2;3;3;2;3;3;2;3;4;5;4;5;5;2;1;3;2;3;7;7;3;2;4;5;4;2;2;1;2;2;2;2;5
464;2022;1;2;1;2;3;2;3;2;2;3;2;4;2;2;2;2;1;2;2;3;3;3;3;4;3;3;3;2;3;2;4;2;1;1;2;1;7;7;2;2;1;2;2;1;1;1;2;3;3;2;2
465;2022;1;2;2;2;2;3;2;3;3;2;3;2;3;2;3;2;3;2;2;2;3;4;3;4;3;2;5;4;5;3;4;2;1;1;1;2;7;7;2;2;1;2;1;1;1;1;1;3;2;1;4
466;2022;4;3;3;2;4;3;4;3;4;3;3;4;2;2;2;4;4;3;4;4;4;4;3;3;4;3;5;4;3;5;5;2;1;2;2;2;7;7;5;2;2;2;2;1;1;1;2;4;4;2;4
467;2022;3;2;2;3;3;2;3;2;2;3;2;3;2;3;2;3;2;2;3;2;3;2;3;2;3;3;3;3;4;5;4;2;1;1;1;2;4;7;2;2;1;2;1;1;1;1;2;2;1;1;3
468;2022;3;2;3;2;2;2;3;2;3;2;2;2;3;2;3;2;3;2;3;2;3;2;3;2;1;3;4;5;3;3;3;1;1;3;2;1;7;7;2;2;4;2;2;1;1;1;1;3;2;1;3
469;2022;2;3;2;4;3;4;3;4;4;3;4;3;4;3;4;4;3;4;4;3;3;2;3;4;3;4;4;5;5;5;5;2;1;1;1;1;7;7;2;2;3;2;2;2;1;1;1;1;1;1;3
470;2022;2;3;2;3;3;2;3;2;3;2;3;2;3;2;2;2;3;2;3;2;2;3;2;3;2;4;2;3;4;3;4;2;1;1;1;1;4;1;1;3;3;2;2;1;1;1;2;2;2;2;4
471;2022;3;2;3;1;3;2;4;3;3;2;3;4;3;4;2;3;3;4;2;1;3;4;2;4;2;3;3;4;3;2;5;2;2;4;3;3;6;5;4;6;4;3;2;5;3;1;2;3;3;1;5
472;2022;3;4;2;3;2;2;3;2;4;2;2;3;2;2;3;2;2;3;2;3;2;2;3;2;3;4;4;6;4;3;3;1;2;3;2;2;2;1;1;1;1;2;2;1;1;4;2;4;4;2;5
473;2022;4;3;2;3;2;3;4;3;2;4;2;4;3;2;3;3;4;3;3;3;2;2;2;3;3;3;3;4;3;5;3;2;1;1;1;3;5;6;4;2;2;4;3;2;3;1;1;1;1;1;4
474;2022;3;2;4;3;3;2;4;2;3;2;4;3;2;3;4;2;3;4;3;2;2;3;5;5;4;2;2;4;4;3;3;2;2;3;4;3;5;7;1;1;4;5;6;5;2;1;1;1;1;1;2
475;2022;3;2;2;3;2;2;3;4;3;2;4;3;2;4;3;4;3;4;3;3;4;3;4;3;4;3;3;5;6;4;5;2;2;1;2;1;4;3;1;4;4;3;2;2;1;1;2;2;3;2;4
476;2022;3;2;2;3;2;3;5;3;4;2;4;3;2;3;3;2;3;2;3;2;2;3;5;4;4;4;3;5;4;4;5;2;1;1;1;4;6;7;3;2;;4;3;3;2;1;2;3;3;2;5
477;2022;4;2;4;2;3;3;2;4;3;2;3;4;3;2;3;3;4;3;2;4;4;3;4;3;3;3;3;5;2;5;3;2;2;1;2;2;4;3;2;5;1;1;4;3;1;1;2;4;4;1;1
478;2022;2;2;3;3;3;3;2;2;3;3;2;2;3;4;3;4;4;1;2;4;4;5;3;4;2;5;5;3;2;2;4;1;1;3;2;4;6;7;3;4;5;4;6;7;1;1;1;2;1;1;3
479;2022;4;3;3;4;2;4;2;4;4;3;3;4;2;4;3;2;3;2;4;3;3;4;3;2;3;4;3;4;3;5;6;;3;2;2;2;5;2;3;5;5;1;4;6;1;1;2;3;3;2;5
480;2022;2;3;2;4;3;2;4;2;4;2;4;3;2;3;2;3;2;4;4;2;4;3;2;2;4;2;5;4;3;5;5;3;1;3;1;2;5;6;2;1;1;1;1;1;2;3;2;3;3;1;4
481;2022;2;3;4;2;3;4;3;2;4;3;3;2;4;4;2;5;2;4;4;2;4;2;3;2;4;2;5;2;3;5;2;2;1;3;2;3;7;7;2;3;3;2;3;1;1;1;1;1;2;1;4
482;2022;4;3;2;4;3;2;4;2;2;4;2;4;2;2;3;2;4;4;4;5;4;5;3;4;4;3;6;5;7;4;6;1;1;3;2;1;3;1;3;1;1;3;5;2;2;1;1;1;1;2;2
483;2022;2;3;2;3;4;3;2;4;3;2;4;2;3;4;3;2;4;3;2;4;2;4;3;2;4;3;3;5;4;3;7;1;1;2;2;1;6;6;3;4;3;2;4;3;2;1;2;2;3;2;4
484;2022;4;2;3;4;3;2;3;4;4;3;4;3;4;2;4;2;4;3;4;3;3;2;4;2;4;2;5;4;6;4;6;1;1;2;1;4;7;7;2;4;5;3;7;2;1;1;2;3;3;2;4
485;2022;3;4;3;4;3;2;4;2;4;3;3;4;4;3;3;2;4;2;4;2;4;3;4;3;4;4;5;3;5;5;5;1;1;3;2;2;7;7;2;3;6;3;2;1;1;1;2;3;3;1;3
486;2022;4;3;4;3;4;5;3;4;5;3;4;5;3;4;3;4;5;4;3;4;4;5;3;4;3;3;5;4;5;4;5;;;;;;;;;;;;;;;;2;2;3;1;4
487;2022;3;4;4;2;4;2;4;3;2;3;3;3;4;4;4;1;4;4;2;3;3;2;4;3;2;4;5;3;6;3;4;2;1;2;1;2;1;3;1;1;1;1;2;3;1;2;1;2;3;2;3
488;2022;3;2;3;2;3;2;3;2;3;3;4;3;2;3;3;4;3;2;2;4;3;4;3;3;2;4;3;4;3;5;3;2;1;1;1;1;5;7;3;4;4;1;6;3;2;1;1;1;2;2;2
489;2022;4;3;2;3;3;2;3;3;2;4;2;3;4;2;4;2;3;4;3;2;4;2;4;3;3;4;3;4;3;4;5;1;1;3;1;1;4;6;1;1;3;4;7;2;1;1;2;4;4;2;5
490;2022;3;3;3;2;2;2;4;3;4;2;4;3;3;3;4;3;4;3;2;2;3;3;4;2;3;4;4;5;3;5;4;3;1;1;3;2;7;5;1;1;1;3;6;2;1;1;2;2;3;1;4
491;2022;3;2;4;3;2;4;2;4;3;2;4;2;3;4;3;4;2;4;2;4;2;3;3;4;3;4;4;3;5;4;5;2;1;2;1;2;6;7;2;4;4;2;1;1;1;1;1;1;1;1;2
492;2022;3;2;4;2;4;3;4;3;4;3;4;4;2;4;3;2;4;3;2;4;4;3;3;2;3;3;4;5;4;5;4;2;1;1;2;1;6;7;2;2;4;3;2;2;3;1;1;1;1;1;2
493;2022;3;2;3;2;4;3;2;3;4;4;2;4;2;4;4;3;4;3;4;3;4;3;3;4;3;4;5;4;4;3;3;2;1;5;4;2;2;4;4;5;6;6;7;3;1;1;1;1;1;1;2
494;2022;2;4;3;2;3;5;3;4;3;4;5;3;4;4;5;3;3;2;4;3;4;3;2;4;3;4;6;4;4;3;3;1;1;1;1;1;4;6;6;4;3;4;6;3;1;1;2;3;4;2;5
495;2022;4;2;2;3;4;3;2;4;2;4;2;3;3;4;3;5;3;4;2;4;4;4;5;2;4;1;4;2;4;3;3;2;1;1;1;1;6;7;3;3;4;4;3;6;3;1;1;1;2;2;3
496;2022;4;2;4;2;4;2;3;2;3;2;4;2;4;2;4;2;3;4;3;2;4;3;2;4;5;3;5;4;3;4;3;1;1;3;1;1;4;7;6;3;5;3;3;5;3;1;2;3;3;2;4
497;2022;3;2;4;2;4;3;4;3;2;4;2;4;4;2;4;3;2;3;4;2;4;3;4;3;4;2;4;5;3;5;4;2;1;1;1;1;5;7;4;3;2;2;1;1;1;1;2;2;3;2;5
498;2022;4;2;4;3;2;4;2;4;2;3;4;3;3;4;3;4;4;3;4;4;3;4;3;3;3;3;5;5;3;5;6;1;1;1;1;1;4;5;4;5;4;1;1;1;1;1;1;1;1;1;1
499;2022;1;4;3;2;3;4;2;4;4;3;4;3;4;4;3;2;4;3;4;4;3;4;3;4;3;4;5;6;5;5;4;1;1;1;2;1;4;7;3;3;2;2;7;4;1;1;1;1;2;1;2
500;2022;3;2;3;2;4;2;3;4;2;4;2;3;2;4;3;2;4;2;4;4;3;2;3;4;3;2;5;4;3;5;3;2;1;1;1;1;6;7;3;3;4;2;4;6;2;1;1;1;2;1;2
501;2022;2;3;2;3;3;4;2;4;3;3;4;5;4;3;4;3;4;3;4;3;4;3;2;4;2;4;2;3;2;4;3;2;1;1;1;1;7;6;2;1;1;1;1;1;1;1;1;1;1;1;2
502;2022;4;4;4;3;4;2;3;4;3;4;2;3;2;4;4;4;2;3;4;4;2;4;4;2;2;3;3;2;2;2;2;3;3;3;3;3;3;5;5;3;5;3;3;3;3;4;2;5;4;2;3
503;2022;1;2;3;1;1;4;2;3;3;3;4;2;3;4;2;3;2;1;3;1;1;2;1;2;3;4;4;2;4;6;5;1;1;1;2;3;6;7;2;3;3;3;4;2;1;2;1;1;3;2;1
504;2022;1;3;2;3;3;4;1;1;3;4;4;4;4;3;4;4;2;2;5;5;2;3;4;2;4;4;3;3;4;4;5;1;1;1;1;1;5;6;2;2;3;2;2;3;1;1;2;3;3;2;4
505;2022;1;2;2;3;2;3;2;3;3;2;3;3;2;4;3;2;4;3;2;4;3;2;3;2;4;3;3;4;5;4;3;1;1;1;1;3;5;7;2;1;3;3;3;7;2;1;1;1;1;1;2
506;2022;4;3;2;2;3;2;4;2;3;2;4;2;4;2;4;2;4;2;3;2;4;2;4;2;4;2;5;3;5;3;4;3;1;1;1;1;4;6;4;4;4;3;1;3;2;1;1;1;2;1;4
507;2022;3;2;3;2;4;2;4;2;3;2;3;2;4;2;3;4;5;4;5;3;5;3;4;3;5;5;3;6;6;4;6;2;1;1;1;1;3;4;4;6;7;2;2;1;1;1;2;3;3;1;5
508;2022;4;3;4;2;3;3;4;3;4;5;5;4;5;4;4;5;4;4;3;3;4;3;4;4;3;3;5;5;4;5;5;4;1;1;1;1;7;5;6;6;7;4;7;3;1;1;2;3;3;1;5
509;2022;3;3;2;4;3;4;3;4;3;4;3;3;4;3;4;3;4;3;4;3;3;4;3;4;4;3;5;4;5;3;5;3;1;1;1;1;5;7;3;5;7;3;5;2;1;1;1;1;1;1;2
510;2022;4;2;3;3;4;3;2;4;2;3;3;4;5;5;4;5;4;4;4;3;4;5;4;4;5;4;5;7;5;6;5;2;1;1;1;1;4;6;5;6;7;4;7;1;1;1;2;3;3;2;4
511;2022;2;3;2;4;3;3;2;3;4;2;4;2;4;2;3;4;3;4;4;5;4;3;4;5;4;4;4;5;6;5;5;4;2;1;1;1;3;6;6;4;7;2;5;3;1;1;2;3;3;2;3
512;2022;3;2;2;2;3;2;3;2;4;4;3;4;5;4;3;3;4;3;3;4;5;4;3;4;3;4;6;5;4;4;5;2;1;1;1;2;7;7;5;2;7;2;7;4;1;1;2;3;3;2;2
513;2022;3;4;2;4;2;4;4;2;4;3;4;3;4;4;3;4;4;3;4;3;3;2;2;2;3;2;6;4;3;5;4;1;1;1;1;1;3;5;6;6;7;5;7;1;1;1;1;2;2;1;2
514;2022;1;3;3;2;4;3;4;2;4;2;3;4;3;4;3;3;4;3;4;3;4;3;4;3;4;3;6;4;4;4;5;2;1;1;1;1;3;5;3;4;1;3;5;3;2;1;2;2;2;2;2
515;2022;2;3;2;3;2;4;2;4;3;4;2;3;4;3;2;3;4;2;3;4;4;3;4;2;4;3;5;5;4;4;5;2;1;1;1;3;5;4;5;6;7;2;6;2;1;1;2;3;3;2;4
516;2022;1;3;2;4;3;4;2;3;2;3;4;2;3;4;3;2;3;2;4;3;4;3;4;2;4;4;3;4;3;7;4;3;1;1;1;1;4;4;1;1;6;4;5;2;1;1;2;4;4;2;4
517;2022;3;2;3;2;3;4;4;3;4;5;4;5;4;3;4;3;3;4;4;3;4;5;5;3;4;5;6;5;4;5;3;1;1;1;1;1;4;5;5;4;4;4;3;1;1;1;2;3;3;1;4
518;2022;4;3;2;4;3;2;4;2;4;2;3;4;4;3;4;3;3;2;4;2;4;2;3;4;3;3;3;4;4;3;5;1;1;2;4;3;4;5;3;2;1;4;4;1;1;1;2;3;4;2;4
519;2022;3;2;2;3;4;2;4;2;3;2;4;2;3;4;2;3;4;2;4;4;3;4;3;4;3;2;5;3;5;4;3;3;1;1;1;3;6;6;2;3;7;3;5;3;;1;2;3;3;2;5
520;2022;3;2;3;2;4;3;2;4;3;2;4;3;2;4;2;4;2;4;4;3;3;2;4;2;4;3;5;3;4;5;3;2;2;1;1;3;5;6;5;3;6;3;2;2;1;1;2;4;3;1;4
521;2022;4;2;4;2;4;3;2;4;3;2;3;2;4;2;4;2;3;4;4;3;3;2;4;3;2;4;4;3;5;3;5;2;1;1;1;1;5;7;1;1;1;2;4;1;1;1;1;1;1;1;2
522;2022;3;3;2;2;2;4;3;3;4;5;4;5;3;4;1;2;2;3;3;3;3;4;4;5;2;4;4;4;5;5;3;4;3;5;4;4;4;5;3;6;7;4;5;5;1;1;2;3;3;2;3
523;2022;4;3;2;4;2;2;4;3;3;2;4;3;3;2;4;3;4;4;3;4;3;4;3;4;3;2;5;4;6;5;5;3;1;1;1;4;7;7;1;6;4;2;5;1;1;1;1;1;2;1;2
524;2022;4;3;4;2;4;4;3;4;3;2;3;4;3;4;2;4;4;4;3;4;3;4;3;4;3;4;4;5;5;3;5;2;1;1;1;1;5;7;3;2;6;3;5;2;1;1;1;2;2;1;3
525;2022;4;3;4;2;4;2;4;3;2;4;4;2;4;2;4;2;2;4;2;4;3;2;4;4;3;2;5;4;5;4;3;3;1;1;1;3;4;7;2;1;1;1;3;1;1;1;2;2;3;2;3
526;2022;3;2;4;4;2;2;4;3;2;4;2;4;3;3;4;4;2;4;4;2;4;2;3;4;3;4;5;3;5;5;3;2;2;3;1;2;4;7;1;1;1;3;1;1;1;4;2;3;3;2;4
527;2022;4;3;4;3;4;3;4;4;3;3;2;4;3;4;3;4;3;4;2;4;2;3;4;2;4;2;6;4;5;4;3;2;1;3;1;2;7;7;2;2;7;6;6;3;3;1;2;2;3;1;3
528;2022;4;3;2;3;3;4;2;2;3;3;2;3;4;2;3;4;2;4;3;2;3;2;2;4;2;2;4;3;5;3;5;2;1;1;1;1;6;7;1;1;1;1;1;1;1;1;1;1;2;2;2
529;2022;3;4;3;2;4;3;2;4;2;4;2;3;2;4;3;2;4;3;3;2;4;3;2;4;2;3;3;4;5;4;3;3;1;1;1;1;4;5;5;6;6;3;4;2;1;1;2;3;3;2;4
530;2022;3;2;4;2;4;2;3;2;4;2;3;2;2;2;3;3;2;3;2;3;2;4;2;2;4;2;4;5;3;5;3;2;1;1;1;1;6;7;1;1;6;1;5;1;;1;2;2;3;2;3
531;2022;4;2;3;2;4;2;4;2;3;2;4;3;4;4;3;2;4;2;3;4;3;2;3;2;4;3;2;4;3;5;3;2;1;1;1;3;7;7;5;5;5;2;1;3;5;2;2;3;4;1;4
532;2022;4;2;3;2;1;2;2;3;2;4;5;3;4;2;4;4;3;2;4;4;5;3;2;4;2;3;4;3;5;6;7;3;2;2;2;1;3;5;4;4;3;3;2;;2;1;2;2;3;1;3
533;2022;4;3;3;2;3;2;4;2;3;4;2;3;4;3;2;1;4;2;1;1;2;3;2;2;3;4;3;5;6;7;7;1;1;3;2;1;4;6;;5;6;4;4;3;1;1;1;1;2;1;2
534;2022;2;3;2;4;3;2;4;4;1;3;4;2;4;3;2;3;4;3;2;4;3;2;4;5;4;3;7;4;1;2;2;4;2;5;2;3;5;6;4;4;4;3;2;1;1;1;2;2;3;1;4
535;2022;4;2;3;2;4;2;4;3;3;2;4;4;2;4;5;5;4;3;4;5;4;3;5;3;4;4;6;5;4;5;3;2;1;1;1;1;4;6;6;6;5;4;1;1;1;1;2;1;2;2;3
536;2022;4;3;2;4;2;4;2;4;2;4;2;4;2;4;2;4;2;4;3;2;4;3;2;4;2;4;3;4;3;3;2;3;1;1;1;2;4;5;4;4;4;4;4;3;1;2;2;3;3;2;4
537;2022;4;3;2;4;2;3;4;3;2;3;2;3;4;2;3;4;4;3;3;4;4;3;4;5;5;5;5;4;5;5;3;3;2;2;2;2;6;6;4;5;5;4;5;1;1;1;1;1;3;2;2
538;2022;4;2;4;2;4;3;4;5;4;3;5;4;3;2;3;4;4;5;4;5;3;4;4;3;4;3;6;3;4;5;5;5;4;5;5;5;6;4;4;3;3;3;3;2;1;1;2;2;3;1;2
539;2022;3;4;2;2;3;2;1;5;3;4;4;3;2;4;3;4;5;4;4;3;5;4;5;5;5;5;3;2;4;5;3;4;3;5;4;3;5;5;3;2;7;6;6;4;1;1;2;2;3;1;5
540;2022;4;2;4;3;4;4;3;4;3;2;4;3;3;4;3;4;4;2;4;5;4;3;4;3;4;5;5;6;6;7;6;4;3;2;2;4;7;7;6;6;7;6;5;3;2;1;2;4;4;1;4
541;2022;2;2;1;3;4;3;2;4;3;4;2;4;3;2;4;4;3;2;4;4;5;3;4;3;4;5;2;4;5;5;4;3;2;1;1;1;6;7;5;4;5;3;4;1;1;1;1;1;2;1;4
542;2022;4;1;3;4;2;4;2;4;4;3;2;4;3;4;3;2;4;3;4;3;2;3;4;4;3;2;5;3;5;3;5;3;1;1;1;1;5;6;4;4;4;2;4;1;1;1;2;2;3;1;3
543;2022;4;3;2;4;3;2;4;3;2;4;2;4;3;2;4;2;4;3;2;4;3;4;3;4;3;2;5;6;5;6;6;2;1;1;1;3;7;6;3;3;3;2;4;3;2;1;2;2;3;1;2
544;2022;4;2;3;2;3;4;2;4;3;2;2;4;3;2;4;2;4;2;4;3;4;2;4;2;3;4;3;5;3;4;5;3;1;1;1;1;5;7;2;2;1;3;5;2;1;1;2;2;3;1;3
545;2022;4;2;4;3;4;3;2;3;4;3;4;3;2;4;2;3;4;2;4;3;2;4;3;2;4;2;5;4;3;5;3;3;2;1;1;6;5;1;1;1;7;2;5;1;1;1;1;1;2;1;2
546;2022;4;3;2;4;2;4;2;4;2;4;3;4;3;3;4;3;4;2;4;3;4;2;4;2;4;3;3;5;3;4;5;3;2;3;1;1;4;7;3;2;2;3;5;4;1;1;2;2;3;2;4
547;2022;3;2;4;4;3;4;3;4;3;4;4;4;3;2;4;4;3;4;3;4;2;4;4;4;2;4;4;5;5;3;6;3;2;4;2;4;7;7;3;3;2;4;7;3;2;1;2;2;3;1;3
548;2022;1;3;2;4;4;3;2;4;4;2;4;4;2;2;3;4;2;4;4;5;4;3;4;4;2;3;6;5;4;5;5;3;2;1;1;2;6;7;5;4;7;3;2;1;1;1;1;2;3;1;4
549;2022;4;2;4;2;4;2;4;3;2;3;4;3;4;3;2;3;4;3;3;2;4;3;4;2;3;4;4;5;4;5;3;3;2;1;1;1;5;4;6;5;4;3;5;4;3;1;2;2;3;1;2
550;2022;3;2;3;4;3;2;4;2;4;3;2;4;3;2;4;2;3;4;2;4;2;4;3;2;4;2;5;4;3;5;4;3;1;5;3;4;7;4;4;6;7;3;2;1;1;1;2;3;4;1;5
551;2022;4;2;4;3;2;4;2;4;2;4;4;5;4;5;4;3;4;3;4;4;5;5;5;4;3;4;5;4;3;5;4;3;2;5;2;2;5;6;4;6;6;4;3;2;1;1;2;2;3;1;2
552;2022;3;2;4;2;2;4;4;3;2;4;2;3;4;4;4;3;3;4;3;4;4;4;3;4;3;2;4;5;2;1;2;1;1;1;1;;4;3;5;6;7;5;5;5;1;2;2;2;3;2;5
553;2022;1;3;2;4;3;2;4;3;2;3;4;3;4;5;3;4;3;4;3;5;5;4;5;3;4;5;5;1;2;2;4;2;1;4;5;4;4;3;3;4;7;;;;;;2;2;3;2;4
554;2022;3;2;3;4;3;4;2;4;4;3;2;4;3;2;4;3;4;5;4;3;4;5;4;5;4;3;3;4;5;4;3;2;2;1;1;1;4;6;5;4;7;4;7;3;2;1;2;2;3;2;3
555;2022;4;3;2;4;3;4;3;4;3;4;3;2;4;4;4;3;4;3;4;4;3;4;4;2;4;4;5;6;4;5;3;1;1;2;1;1;4;7;1;1;1;3;6;3;2;1;2;2;3;2;3
556;2022;2;4;3;2;3;2;5;5;4;5;5;4;4;5;3;3;4;5;4;3;4;3;5;3;4;4;3;2;4;2;1;3;2;1;1;3;5;3;2;7;7;7;7;3;2;1;2;3;3;2;5
557;2022;2;3;4;3;4;2;4;2;4;3;2;4;2;3;2;3;4;3;2;3;4;3;4;3;2;4;5;3;4;3;3;3;2;5;5;7;7;4;1;1;1;1;1;1;4;4;2;3;4;2;5
558;2022;4;3;4;2;4;4;3;2;4;3;4;3;2;4;2;3;1;3;4;2;2;3;4;4;3;4;4;2;2;4;1;3;1;6;1;1;6;7;3;2;1;4;2;1;1;1;2;2;3;2;3
559;2022;4;3;4;2;3;4;3;2;4;4;3;4;4;3;4;3;4;5;3;4;5;4;3;5;3;4;4;2;1;3;4;2;1;4;1;3;6;7;3;5;7;4;3;1;1;1;2;2;2;1;2
560;2022;3;2;4;3;2;4;4;4;5;4;3;4;5;3;4;5;3;4;4;1;4;3;4;3;4;5;5;3;1;2;2;1;1;1;1;1;4;5;1;1;1;1;1;1;1;1;1;1;2;1;2
561;2022;3;4;3;5;4;3;2;4;3;3;4;3;3;1;4;3;2;4;3;4;4;2;3;4;2;4;3;4;3;3;5;2;1;1;1;1;5;4;6;7;7;3;5;1;1;1;2;2;3;2;2
562;2022;2;4;2;4;4;2;4;3;4;1;2;4;3;4;4;2;2;3;4;4;3;4;3;4;5;4;6;4;3;5;3;3;2;5;1;1;6;7;5;4;7;4;6;5;2;1;2;2;2;1;2
563;2022;3;2;2;1;2;2;1;2;3;1;3;3;2;1;2;2;1;2;3;1;1;3;1;2;2;1;3;4;5;3;5;2;4;5;3;3;5;7;5;7;7;4;5;4;2;1;2;3;3;2;2
564;2022;3;2;2;3;2;5;5;5;5;4;5;3;2;5;3;2;5;3;4;2;4;2;4;2;4;2;6;4;3;6;3;3;1;4;1;1;6;7;4;1;7;;;;;;1;1;3;1;2
565;2022;4;2;3;4;3;2;4;3;2;3;2;3;4;3;4;4;4;3;5;3;4;4;3;2;4;3;6;5;4;3;6;2;1;5;4;3;7;7;6;6;7;2;4;2;1;5;2;3;4;2;4
566;2022;2;4;2;4;4;3;4;5;3;4;2;1;2;3;4;4;3;4;5;5;4;1;2;4;4;3;3;4;3;2;1;4;3;5;4;3;7;7;5;4;1;3;1;1;1;1;2;2;3;2;2
567;2022;3;2;3;4;3;4;4;3;4;4;5;4;3;2;4;4;3;2;4;4;3;5;3;5;3;4;2;4;3;2;2;3;3;3;2;4;7;7;4;3;3;;;;;;2;2;3;2;2
568;2022;4;2;4;3;4;2;4;2;4;4;2;4;3;2;4;4;3;4;2;3;3;2;4;5;4;4;5;4;5;2;2;3;2;3;2;4;6;7;3;2;2;2;4;1;1;1;2;2;2;1;4
569;2022;4;2;2;3;4;3;4;5;3;2;5;3;4;3;2;4;3;2;4;4;2;3;3;2;3;2;4;2;1;4;3;1;1;3;2;3;6;7;4;7;7;5;5;1;1;1;2;3;3;2;3
570;2022;1;2;4;2;2;1;2;4;1;3;2;2;1;3;4;3;2;3;2;5;2;2;1;3;1;2;3;3;5;3;3;2;1;4;3;3;6;7;4;7;7;4;6;4;2;1;2;3;3;2;5
571;2022;1;3;3;4;3;4;4;3;2;3;4;3;2;2;3;2;4;2;4;3;2;2;4;2;4;2;4;3;5;3;5;3;2;2;2;1;5;7;3;3;7;3;2;2;1;1;2;2;3;1;3
572;2022;1;3;2;3;2;3;2;3;2;3;2;3;2;2;4;3;2;4;3;2;3;2;3;2;3;4;4;3;5;4;5;2;2;5;2;2;7;7;5;2;7;3;7;5;1;1;2;1;3;1;4
573;2022;3;2;4;4;3;3;2;4;4;4;2;3;4;4;4;3;2;4;4;3;4;3;4;2;4;3;5;5;3;5;5;1;1;3;1;1;7;7;7;5;5;2;5;4;2;2;2;3;3;1;2
574;2022;2;3;4;2;4;2;4;2;4;2;4;2;4;2;3;4;2;4;3;4;2;4;4;2;2;3;4;3;5;4;3;3;2;1;1;1;6;5;5;1;7;4;5;2;1;1;2;2;3;1;3
575;2022;2;4;3;3;2;4;2;4;2;4;4;2;4;2;4;3;4;3;2;4;4;3;2;4;4;3;5;4;4;3;5;3;2;4;1;4;4;6;3;3;7;4;6;4;2;1;2;1;2;1;2
576;2022;4;2;4;2;3;3;2;3;4;3;4;3;2;4;3;3;4;4;3;4;4;3;2;4;3;4;4;5;3;5;6;2;1;3;1;1;3;7;6;7;7;5;5;1;1;1;2;3;4;1;2
577;2022;4;2;4;4;2;4;3;2;4;4;2;4;4;3;4;4;2;4;3;4;4;3;4;2;4;4;4;3;6;5;5;2;1;1;1;1;6;7;4;7;7;5;6;3;2;1;2;2;3;2;4
578;2022;1;4;3;2;4;4;3;4;4;3;4;3;2;4;3;4;3;4;3;4;2;4;4;3;4;3;5;4;5;6;5;2;1;3;1;1;7;7;3;4;7;4;5;1;1;1;2;2;3;1;2
579;2022;5;5;5;5;4;5;5;5;5;4;4;5;5;4;5;3;1;4;4;4;2;4;4;4;4;4;5;4;3;4;3;4;4;4;4;4;4;5;5;6;6;6;6;6;6;6;1;1;1;2;1
580;2022;4;2;4;2;4;4;5;3;4;4;5;3;4;4;3;4;5;2;3;3;4;3;4;3;4;4;5;4;6;4;6;2;1;3;4;4;7;5;5;5;5;5;7;3;2;1;1;1;2;1;2
581;2022;2;3;4;3;2;4;3;4;3;4;3;3;4;4;3;4;3;2;4;3;4;3;4;4;4;5;5;4;5;5;4;3;2;4;2;2;5;7;5;3;3;4;7;3;1;1;2;1;3;1;2
582;2022;4;2;3;4;3;2;4;4;3;4;2;4;2;4;2;4;2;4;3;4;3;4;3;3;4;3;5;5;5;4;3;2;2;4;2;4;7;6;3;3;7;4;6;3;2;1;2;2;3;2;3
583;2022;4;2;4;4;3;3;4;3;4;5;4;3;4;4;3;4;3;5;4;3;4;3;4;5;3;3;3;4;3;2;5;3;1;1;1;1;1;5;4;4;6;4;4;1;4;1;2;2;3;2;4
584;2022;2;4;3;4;3;2;4;2;3;4;4;3;2;4;2;4;2;3;4;4;2;4;4;4;2;3;5;3;4;5;5;3;2;1;1;3;7;4;6;7;7;3;6;3;1;1;2;3;3;1;4
585;2022;4;2;3;4;2;3;4;2;3;4;3;2;4;4;3;4;3;2;4;4;3;4;3;3;4;4;5;4;5;5;4;3;1;4;1;1;4;7;4;6;6;4;7;3;1;1;2;2;3;1;2
586;2022;4;3;3;2;1;4;3;4;4;3;4;3;4;5;4;4;3;2;3;5;3;3;4;4;3;4;4;5;3;4;5;3;1;1;1;1;3;5;4;4;6;1;1;1;1;2;2;3;4;2;4
587;2022;2;3;2;3;4;3;4;2;4;3;4;5;4;4;5;3;4;3;4;5;3;4;4;5;4;3;5;6;7;2;1;2;2;4;2;1;6;7;4;4;4;4;6;2;1;1;1;1;2;1;2
588;2022;3;2;3;2;4;5;5;4;4;5;3;5;5;3;1;4;3;5;4;3;4;5;4;3;4;3;5;4;4;5;3;1;1;1;1;1;4;5;5;3;3;4;4;1;1;1;1;1;2;2;2
589;2022;4;3;2;3;2;4;4;2;4;4;4;4;5;4;3;4;5;4;4;3;4;5;4;3;4;5;5;4;6;5;4;3;2;3;1;1;4;6;1;1;1;1;2;1;1;1;2;3;3;1;5
590;2022;1;2;3;4;2;3;3;2;4;2;3;4;2;2;4;3;4;4;3;2;4;3;4;4;4;3;6;5;5;4;3;3;1;1;1;1;4;4;5;6;7;4;3;1;1;1;2;1;2;1;2
591;2022;4;3;2;4;2;4;2;4;2;2;4;2;4;2;4;4;2;4;3;4;3;4;3;4;4;4;3;5;6;5;6;3;1;1;1;1;4;6;3;4;6;2;6;2;2;1;1;3;3;2;3
592;2022;1;4;3;2;4;3;4;3;4;4;2;4;3;3;4;5;3;4;3;4;3;4;2;4;2;4;5;4;3;6;5;3;1;1;1;1;6;4;1;1;7;3;7;2;1;1;2;3;3;2;4
593;2022;4;2;4;2;3;2;4;2;4;4;2;4;2;4;4;3;4;3;3;4;3;4;4;3;5;4;4;5;6;4;5;2;1;3;1;1;4;6;2;1;1;1;3;1;1;1;2;2;3;2;3
594;2022;4;3;2;4;3;4;5;5;4;5;4;5;3;5;3;5;3;2;5;5;4;5;3;5;5;3;3;1;4;5;6;2;1;1;1;1;4;6;2;2;2;3;4;1;1;1;2;2;3;2;3
595;2022;4;2;4;4;2;4;4;2;4;3;4;3;2;4;2;4;4;2;3;4;4;5;4;3;3;4;4;3;6;5;6;3;2;1;1;1;4;6;1;1;7;;3;2;1;1;2;2;3;2;2
596;2022;2;3;4;2;4;4;3;2;4;2;4;3;2;4;2;3;4;2;4;2;4;2;2;3;2;4;4;5;7;1;2;3;1;5;1;1;4;5;4;5;6;1;1;1;1;1;2;2;3;2;4
597;2022;4;4;4;4;4;4;4;4;4;4;4;4;4;4;4;4;4;4;4;4;4;4;4;4;4;4;6;3;5;3;2;7;3;1;1;3;;;;;;;;;;;2;2;2;1;2
598;2022;3;2;2;2;4;4;4;4;4;4;4;4;4;4;4;4;4;4;4;4;4;4;4;4;4;4;4;4;4;4;4;2;;;;;;;;;;;;;;;2;3;3;2;3
599;2022;4;4;4;4;4;4;4;4;4;4;4;4;4;4;4;4;4;4;4;4;4;4;4;4;4;4;3;3;5;1;1;1;;;;;;;;;;;;;;;2;1;2;2;3
600;2022;4;4;4;4;4;4;4;4;4;4;4;3;3;3;3;3;3;3;3;3;3;1;3;4;4;4;6;7;4;1;2;6;;;;;;;;;;;;;;;2;1;2;2;3
601;2022;4;4;4;4;4;4;4;4;4;4;4;4;4;4;4;4;4;4;4;4;4;4;4;4;4;4;7;3;4;4;4;;;;;;;;;;;;;;;;2;3;3;1;3
602;2022;3;2;3;4;3;4;3;4;4;3;4;3;1;4;2;4;3;4;3;3;2;4;4;3;4;5;5;4;5;3;5;2;2;1;1;1;4;6;3;2;7;2;2;1;1;1;2;3;3;2;4
603;2022;2;4;2;3;1;2;2;4;4;3;2;2;2;3;1;2;2;2;2;2;2;2;3;2;2;2;4;4;4;4;4;1;1;1;1;1;4;6;1;1;7;1;1;1;1;1;2;2;3;2;4
604;2022;2;2;2;3;1;2;2;3;2;3;2;2;2;3;1;1;2;2;2;2;2;2;3;1;2;2;4;4;4;4;4;1;1;1;1;1;4;5;1;1;5;1;1;1;1;1;2;2;2;2;3
605;2022;2;2;2;2;1;2;2;3;2;3;2;2;2;3;2;2;2;2;2;2;2;2;3;1;2;2;4;4;4;4;3;1;1;1;1;1;3;5;1;1;4;1;1;1;1;1;2;2;2;1;3
606;2022;3;3;3;2;1;2;2;4;3;4;2;2;2;4;2;2;2;2;2;2;2;2;4;2;2;1;3;3;3;3;3;1;1;1;1;1;1;6;2;1;4;1;1;1;1;1;2;2;2;2;2
607;2022;3;3;2;3;2;2;2;4;2;3;2;2;3;4;1;2;2;2;2;2;2;2;4;1;2;1;3;3;3;3;3;1;1;1;1;1;1;7;1;1;4;1;1;1;1;1;2;3;3;1;4
